domain,raw_count,processed_count
petparadiseresort.com,35,35
bakerbrosdeli.com,3,3
fallasstores.net,96,96
thedrybar.com,130,130
angelikafilmcenter.com,6,6
oceandental.net,20,20
pricecutteronline.com,21,21
thorntonsinc.com,192,192
papavinositaliankitchen.com,3,3
thebookrack.com,107,107
giovannispizzapower.com,97,97
modernmarket.com,32,32
nationalcashadvance.com,10,10
yvesdelorme.com,65,28
yogapod.com,13,13
myfoodbazaar.com,26,26
doghaus.com,36,36
allsaints.com,68,68
metfoods.com,19,19
rockbottom.com,26,26
sprintmart.com,89,89
ballarddesigns.com,14,14
paintingwithatwist.com,296,296
tindrumasiankitchen.com,11,11
nativegrillandwings.com,29,29
acelero.net,48,48
unclejulios.com,36,36
mutualofomahabank.com,28,28
roadys.com,188,188
burkewilliamsspa.com,10,10
buylowmarket.com,7,7
renasantbank.com,334,334
daphnes.biz,23,23
burgerlounge.com,25,25
ferrellgas.com,781,781
montanamikes.com,14,14
pacifictheatres.com,6,6
spring-market.com,24,24
superkingmarkets.com,8,8
morganjewelers.com,16,16
theliquorbarn.com,2,2
oceanfirstonline.com,80,80
brandymelvilleusa.com,93,34
bonobos.com,61,61
centralmarket.com,10,10
theprimerib.com,3,3
danielsjewelers.com,100,100
massimodutti.com,4,4
officetaverngrill.com,2,2
smartandfinal.com,260,260
piefivepizza.com,58,58
texassteakhouse.com,12,12
juanvaldezcafe.com,6,6
coxhealth.com,33,33
frontgate.com,6,6
medcotool.com,10,10
fbmsales.com,151,151
eagletransmission.com,25,25
thedaileymethod.com,44,44
roofdepot.com,26,26
vanheusen.com,150,150
ditchwitch.com,101,101
choicehotels.com/sleep-inn,389,389
villagetavern.com,10,10
dailygrill.com,13,13
cityfurniture.com,19,19
kidsrkids.com,166,166
mobil.com,11958,5050
olgas.com,27,27
pressedjuicery.com,76,76
thechristhospital.com,244,244
theathletesfoot.com,49,49
rainbowccc.com,163,163
heinebroscoffee.com,17,17
smiledoctors.com,164,164
pappasitos.com,24,24
lincoln.com,830,830
granitecityelectric.com,26,26
nyxcosmetics.com,42,42
roosterswings.com,42,42
speckspets.com,10,10
oilchangerinc.com,43,43
ilovedirtcheap.com,107,107
ctownsupermarkets.com,132,132
sammoon.com,7,7
megaplextheatres.com,15,15
mcsbnh.com,9,9
carrolltire.com,58,58
swatch.com,70,70
rioranchmarket.com,7,7
localfirstbank.com,108,108
tedscafe.com,10,10
oilstopinc.com,24,24
onehourheatandair.com,171,171
salonikigreek.com,3,3
kegsteakhouse.com,106,106
unfi.com,22,22
super1foods.com,47,47
labcorp.com,1877,1877
blackstonesteakhouse.com,4,4
romeospizza.com,35,35
muvfitness.com,13,13
millersmarkets.net,10,10
associatedbank.com,239,239
tylerstx.com,8,8
surftaco.com,14,14
paulmartinsamericangrill.com,11,11
nutritioncityonline.com,2,2
roti.com,42,42
franchise-biguine.com,3,3
workoutworld.com,11,11
ivars.com,24,24
monarchdental.com,245,76
boomerjacks.com,13,13
barreforte.com,11,11
cafe-express.com,7,7
emetabolic.com,115,115
ritecheck.com,14,14
multicare.org,468,468
ditkasrestaurants.com,3,3
northwesternmutual.com,7320,7320
7forallmankind.com,47,47
grimaldis.com,2,2
nealtire.com,25,25
micocinarestaurants.com,22,22
aroma.us,5,5
eddiemerlots.com,13,13
1800flowers.com,117,117
tristateopenmri.com,85,85
childcarenetwork.net,223,223
uhaul.com,19696,1811
saucepizzaandwine.com,16,16
blazingonion.com,7,7
drayerpt.com,168,168
normsrestaurants.com,19,19
cinemagicmovies.com,8,8
medexpress.com,284,284
mypiada.com,41,41
alaskacommercial.com,24,24
nextcare.com,143,143
foodkingcostplus.com,22,22
therockwfk.com,17,17
onelifefitness.com,36,36
oururgentcare.com,7,7
jackstackbbq.com,5,5
phoenixschools.com,8,8
sutterhealth.org,669,669
ironhillbrewery.com,17,17
drinkblenders.com,17,17
davannis.com,22,22
comfortsuites.com,589,589
metrodiner.com,72,72
midwest-dental.com,188,188
colormemine.com,117,117
wheelworks.net,29,29
midtown.com,8,8
champps.com,9,9
metromattress.com,52,52
sharkeyscutsforkids.com,62,62
staterbros.com,172,172
craveamerica.com,10,10
morganusa.com,7,7
chompies.com,5,5
marshallmedical.org,46,46
studiobarre.com,18,18
pilatesproworks.com,11,11
steppingstoneschool.com,19,19
andiamoitalia.com,8,8
mydrdental.com,44,44
1000degreespizza.com,40,40
oliverpeoples.com,37,37
vapiano.com,9,9
knockouts.net,55,55
stevibs.com,19,19
cpsagu.com,278,278
caputomarkets.com,7,7
choicehotels.com/clarion,153,153
atmarketfresh.com,3,3
murphysdeli.com,63,63
communityamerica.com,33,33
dockers.com,5,5
cinemacafe.com,5,5
bodyplex.com,11,11
hwy55burgers.com,138,138
projectpie.com,3,3
adagio.com,3,3
starmarket.com,20,20
ynhh.org,142,142
definebody.com,16,16
mfa-inc.com,193,193
seacoastbank.com,51,51
changinghands.com,2,2
nutrishopusa.com,149,149
perryssteakhouse.com,20,20
romantix.com,60,60
miamisubs.com,30,30
shieldhealthcare.com,17,17
clearchoice.com,54,54
fitrepublic.com,41,41
beermiscuous.com,2,2
mrsmoothie.com,12,12
ziebart1.com,85,85
hanger.com,702,702
superwash.com,236,236
petpros.org,23,23
morfurniture.com,49,49
parcelplus.com,22,22
iconcinemas.com,3,3
paper-source.com,129,129
modernacupuncture.com,55,55
tomandchee.com,12,12
dyson.com,27,27
stickyfingers.com,11,11
yogaworks.com,61,61
cslplasma.com,245,245
lemonadela.com,27,27
uwmedicine.org,272,272
thomassabo.com,109,109
duanereade.com,118,118
follett.com,1208,1208
minnieland.com,31,31
genejuarez.com,10,10
thecleaningauthority.com,222,222
rockyrococo.com,35,35
brightstarcare.com,239,239
roadrunnersports.com,40,40
plateautel.com,9,9
armani.com,175,175
muellerinc.com,33,33
petro.com,35,35
raymondjames.com,3451,2638
f45training.com,248,248
superrunnersshop.com,4,4
davisfoodanddrug.com,4,4
blackeyedpeacolorado.com,9,9
maxmara.com,16,16
sammyspizza.com,12,12
gotodobbs.com,40,40
earthboundtrading.com,101,101
regency.hyatt.com,91,91
norwaysavingsbank.com,24,24
medievaltimes.com,9,9
bonchon.com,97,97
crutchfield.com,2,2
wesco.com,362,362
tacomac.com,26,26
campbowwow.com,169,169
o2fitnessclubs.com,27,27
cosstores.com,20,20
virtua.org,30,30
whywaitintheer.com,30,30
robertwayne.com,68,68
rooflinesupply.com,28,28
xtendbarre.com,11,11
patcatans.com,35,35
toniguy.com,30,30
bathfitter.com,124,124
brigantine.com,8,8
albertsonsmarket.com,28,28
cspire.com,122,73
northcoastroofingsystems.com,26,26
bottledblondechi.com,3,3
rushtruckcenters.com,120,120
eegees.com,67,67
substationii.com,43,43
corahealth.com,112,112
haleandhearty.com,22,22
jumpingworldusa.com,11,11
vineyardvines.com,114,114
mortonbuildings.com,109,109
billskhakis.com,169,169
ipictheaters.com,16,16
sunshinehouse.com,91,91
earlsribpalace.com,5,5
motionindustries.com,405,405
blairsmarket.com,3,3
dallasbbq.com,11,11
mothersmarket.com,8,8
redlion.com/americas-best-value-inns-suites,696,695
ctshirts.co.uk,13,13
merchantsbank.com,21,21
moleskine.com,10,10
texastooltraders.com,15,15
safeway.com/pharmacy,428,428
eaglerider.com,195,195
catrentalstore.com,693,693
thedynamicfitness.com,3,3
becksprime.com,14,14
drmartens.com,24,24
place.hyatt.com,91,91
bannerhealth.com,60,57
northshorefarms.com,8,8
saloncielo.com,5,5
jracademykids.com,29,29
starlightcinemas.com,5,5
anytimefitness.com,2805,2733
z-spray.com,905,905
mobilemini.com,140,140
gambinospizza.com,45,45
sweetfactory.com,26,26
daltile.com,6384,243
binswangerglass.com,62,62
mountainsidefitness.com,17,17
cafishgrill.com,28,28
goorin.com,28,28
grifolsplasma.com,199,10
goldfishswimschool.com,99,99
carmike.com,637,637
ywca.org,212,212
theaffordableway.com,33,33
mysagedental.com,61,61
rubytequilas.com,5,5
sunrisedental.com,56,56
taqueriadelsol.com,7,7
gloriascuisine.com,20,20
agentprovocateur.com,11,11
hsbc.ca,2955,133
superiordistribution.net,41,41
potterybarn.com,270,261
prohealthcare.com,351,71
mjrtheatres.com,10,10
aaa.com/autorepair,5959,15
beggarspizza.com,26,26
hsbc.com,232,225
sunstonefit.com,15,15
santafecattleco.com,14,14
freshandco.com,20,20
linksoflondon.com,5,5
patioenc.com,48,48
charlestons.com,19,19
perfectteeth.com,61,61
merlins.com,28,28
hotelindigo.com,64,64
myrentking.com,18,18
elevationburger.com,27,27
johnstonmurphy.com,1830,1530
bashas.com,56,56
izod.com,146,146
hopdoddy.com,32,32
centennialbanking.com,96,24
abbottscustard.com,38,38
e-zmart.com,98,98
concentra.com,503,503
tcfbank.com,807,312
public.websteronline.com,213,213
papamurphys.com,1364,1364
norbysfarmfleet.com,11,11
1800packrat.com,62,62
salsaritas.com,79,79
emeraldcitysmoothie.com,37,37
choiceoneuc.com,15,15
popingos.com,7,7
orangeleafyogurt.com,150,150
awrestaurants.com,590,590
fastestlabs.com,39,39
burton.com,29,29
chamberlins.com,7,7
mgmresorts.com,20,20
canadagoose.com,4,4
jetfoodstores.com,49,49
thebrokenyolkcafe.com,34,34
moyespharmacy.com,6,6
shopakira.com,27,27
currysauto.com,24,24
centric.hyatt.com,18,18
renewalbyanderson.com,79,79
reebok.com,66,66
cinnabon.com,798,543
franciscanalliance.org,677,677
tcby.com,232,232
peoplesbanknc.com,20,20
superdollarstores.com,7,7
flanigans.net,23,23
delfriscosgrille.com,24,24
supermex.com,13,13
jamesavery.com,301,86
rccwesternstores.com,241,241
evereve.com,91,91
hottopic.com,676,676
timbuk2.com,10,10
sunsetfoods.com,5,5
reliablesrg.com,6,6
sharis.com,93,93
tamarackmaterials.com,10,10
bakerssquare.com,32,32
roadrangerusa.com,38,38
superchix.com,4,4
fishersfoods.com,4,4
mgbwhome.com,31,31
golfusa.com,15,15
meatheadsburgers.com,14,14
merrell.com,6411,39
brownschicken.com,20,20
newportcreamery.com,12,12
shoepalace.com,162,162
apricotlaneusa.com,41,41
argotea.com,41,41
restorationhardware.com,109,109
wahlburgers.com,34,34
cheeseburgerbobbys.com,13,13
nationaltvrental.com,20,20
shopforesthillsfoods.com,2,2
turners.com,27,27
checkcashingandmoreshopper.com,22,22
auntieannes.com,1170,1170
elixirjuice.com,8,8
gordonbiersch.com,22,22
chevys.com,23,23
brgr.com,2,2
movietavern.com,22,22
motel6.com,1215,1215
blackbeardiner.com,132,132
giuntasmeatfarms.com,9,9
oreck.com,183,182
safeguardit.com,73,73
supplementsuperstores.com,21,21
sizzler.com,129,129
fairwaymarket.com,19,19
medicap.com,101,101
torrid.com,592,592
foodgiant.com,106,106
carlsjr.com,1141,1120
lush.com,199,199
keyfood.com,269,134
tractorsupply.com,1785,1785
fooddepot.com,40,40
supervalustores.com,116,116
gyu-kaku.com,54,54
darascornermarket.com,7,7
pirtekusa.com,85,85
renys.com,18,18
acehardware.com,4005,4005
knowjacks.com,11,11
hmart.com,66,66
shopversona.com,55,55
vicandanthonys.com,4,4
target.com,1853,1853
bigotires.com,464,464
yardhouse.com,79,79
lowes.com,1724,1724
jambajuice.com,772,772
churchs.com,969,969
callitspring.com,53,53
jacksons.com,238,238
pandora.net,359,359
fredsinc.com,812,549
racewaystores.com,250,250
peartreeinn.com,13,13
eltorito.com,31,31
searshometownstores.com,470,470
maxandermas.com,26,26
eddiev.com,25,25
pier1.com,902,902
knightsinn.com,1114,279
kort.com,58,3
mellowmushroom.com,192,192
burgerfi.com,99,99
brookdale.com,798,798
aarons.com,1600,1600
carvel.com,319,319
joevsmartshop.com,9,9
marriott.com/fairfield-inn,891,891
springhillsuites.com,5135,455
pakasak.com,35,35
eatandys.com,83,83
rallystores.com,11,11
capncork.com,15,15
fresh.com,540,540
buschgardens.com,2,2
snappytomato.com,48,48
hollywoodtans.com,35,35
grand.hyatt.com,18,18
monicals.com,63,63
safeway.ca,182,182
fredsmeds.com,886,341
delsoliga.com,6,6
enterprisecarsales.com,140,140
tso.com,107,107
mcalistersdeli.com,443,443
mccrawoil.com,8,8
rutters.com,47,47
pizzahut.com,7587,7587
heinens.com,23,23
hotheadburritos.com,78,78
sunflowerms.com,6,6
amerisbank.com,137,130
riesbeckfoods.com,12,12
walmart.com,4695,4695
fareway.com,125,125
cottman.com,52,52
good2gostores.com,59,59
crackerbarrel.com,660,660
embroidme.com,172,172
madewell.com,133,133
lincolnlandoil.com,12,12
pier1.ca,67,67
aeropostale.com,499,499
hy-vee.com,268,247
dominos.com,5899,5899
buybuybaby.com,131,131
oshkosh.com,1240,463
skechers.com,493,493
moes.com,711,711
aubonpain.com,186,186
merlenorman.com,1086,1086
grandys.com,39,39
mini-mart.com,18,18
bedbathandbeyond.ca,62,62
goodygoody.com,20,20
regmovies.com,564,464
perkinsrestaurants.com,363,363
jimboystacos.com,44,44
nambe.com,8,8
offaisle.com,4,4
lovesac.com,81,81
equinox.com,104,104
chickene.com,244,244
footaction.com,271,271
scooterscoffee.com,228,228
buschs.com,16,16
north40.com,10,10
gatepetro.com,8,8
washnfillstores.com,11,11
qshop.us,13,13
biaggis.com,19,19
underarmour.com,10541,183
mattressfirm.com,2617,2617
shell.us,13274,13274
hornbachers.com,9,9
wahoos.com,47,47
laverdes.com,1,1
sals-pizza.com,14,14
sierratradingpost.com,39,39
wingstop.com,1161,1161
erbertandgerberts.com,92,92
footlocker.com,896,896
cititrends.com,562,562
clarksusa.com,277,277
nekterjuicebar.com,145,145
searsoutlet.com,765,126
blackangus.com,43,43
citycoboston.com,5,5
marcheami.ca,102,102
dennys.ca,73,73
tumi.com,782,215
tacobell.com,6895,6895
petco.com,1489,1489
softsurroundings.com,81,81
tonysfreshmarket.com,15,15
redrobin.com,561,561
champssports.com,539,539
hayssupermarkets.com,10,10
mortonwilliams.com,17,17
badcock.com,361,361
marriott.com,5135,325
sinclairoil.com,1483,1483
kfc.ca,668,668
rediclinic.com,67,67
petroserveusa.com,20,20
kidsfootlocker.com,389,389
kingsfoodmarkets.com,25,25
la-z-boy.com,2016,651
winchells.com,60,60
crowneplaza.com,3644,120
oberweis.com,16,16
aquariumrestaurants.com,4,4
crsupermarkets.com,11,11
moayerco.com,19,19
mitchellsfishmarket.com,12,12
mccormickandschmicks.com,37,37
schlotzskys.com,370,370
naturalizer.ca,81,81
landrysseafood.com,17,17
flagstar.com,188,188
cornerpantry.com,22,22
caseys.com,2198,2198
vitalitybowls.com,80,72
beaconandbridge.com,25,25
greenmill.com,23,23
brothers-marketplace.com,3,3
souplantation.com,97,36
torchystacos.com,72,72
ihg.com/holidayinnresorts,3583,14
beefobradysfranchise.com,153,153
tileshop.com,140,140
stinker.com,112,112
ranchosanmiguelmarkets.com,7,7
dominos.ca,493,493
powerhousegym.com,100,100
bravosupermarkets.com,94,94
cousinssubs.com,92,92
clipperpetroleum.com,28,28
security-finance.com/time-finance,924,2
smartfoodservice.com,67,67
cariboucoffee.com,458,458
hometownpharmacywi.com,61,61
christopherandbanks.com,456,456
engineeringforkids.com,85,85
nrgizejuice.com,79,79
gooddaypharmacy.com,9,9
petsmart.ca,138,138
shopritela.com,36,36
lids.com,983,983
fedex.com,17269,2586
bigredstores.net,34,34
mcdonalds.ca,1459,1459
americastacoshop.com,5,5
thewalkingcompany.com,179,179
communityrx.com,9,9
kimptonhotels.com,3583,60
tdcanadatrust.com,1096,1096
key.com,3221,1147
shortstopfoodmarts.com,46,46
davesmarkets.com,13,13
84lumber.com,238,238
redlion.com/lexington-hotels-inns,1124,5
pearlevision.com,462,462
henryford.com,131,131
longhornsteakhouse.com,528,528
elizabethgrady.com,24,24
foodmarketlachiquita.com,11,11
mypricelessfoods.com,44,44
hutchs.net,16,16
plaidpantry.com,108,108
massageenvy.com,1172,1172
peets.com,19425,259
flemingssteakhouse.com,70,70
johnsoncontrols.com,351,303
shoppersfood.com,46,46
nofrillssupermarkets.com,3,3
7-eleven.com,7918,7918
pacificsales.com,234,234
costulessdirect.com,69,69
sellersbros.com,15,15
karnsfoods.com,8,8
lucchese.com,10,10
ilovepokebar.com,74,74
woodssupermarket.com,16,16
tbirdminimarts.com,10,10
hiltongrandvacations.com,33,33
intermixonline.com,36,36
schmizza.com,22,22
geox.com,7,7
catofashions.com,1045,1045
theartofshaving.com,91,91
econofoods.com,2,2
alonbrands.com,670,309
insureone.com,80,80
whitecap.com,208,208
mathnasium.com,940,940
alamo.com,285,285
harusushi.com,4,4
cashwise.com,25,25
justabuck.com,18,18
bi-lo.com,112,112
zumiez.com,604,604
snapfitness.com,912,912
carinos.com,54,54
foodcity.com,136,136
bubbagump.com,27,27
aztecamex.com,18,18
tastee-freez.com,22,22
cinemark.com,351,351
parkersga.com,12,12
dangelos.com,86,86
checkers.com,871,871
cartier.us,25,25
tdameritrade.com,363,363
lastcall.com,27,27
brueggers.com,214,214
sullivanssteakhouse.com,13,13
bmoharris.com,614,565
johnnyspizza.com,65,65
courtyard.marriott.com,5135,1012
childtime.com,220,220
shipleydonuts.com,316,316
deweyspizza.com,25,25
fivestarfoodmart.com,78,78
oldchicago.com,109,109
bk.com,7235,7235
kirbyfoodsiga.com,12,12
tuesdaymorning.com,737,737
specialtys.com,53,53
adidas.com,165,165
7elevenhawaii.com,65,65
mckaysmarket.com,9,9
dollartree.com,6933,6933
richardswholefoods.com,10,10
ihg.com/avidhotels,3583,9
ccfoodmarts.com,11,11
officedepot.com,1317,860
louandgrey.com,13,13
roysrestaurant.com,15,15
brickhousetavernandtap.com,21,21
sunglasshut.com,1675,1675
familyfreshmarket.com,5,5
sasshoes.com,997,168
whitehouseblackmarket.com,457,457
itsugar.com,96,96
jensensfoods.com,9,9
toojays.com,30,30
johnniesnypizza.com,4,4
extremepita.com,82,82
ferragamo.com,41,38
aldi.us,1898,1898
saltgrass.com,43,43
brookstone.com,31,31
schnippers.com,5,5
medicineshoppe.ca,216,216
richardsfoodporium.com,13,13
tedsmontanagrill.com,43,43
insomniacookies.com,157,157
midwestpetro.com,57,57
park.hyatt.com,18,18
truenorthstores.com,106,106
orangejulius.com,5103,463
redlion.com/red-lion-inn-suites,1119,44
rickysnyc.com,5,5
curves.com,443,443
brasstapbeerbar.com,50,50
dunkindonuts.com,9549,9549
rosauers.com,22,22
hibachisan.com,18,18
cruizers.net,25,25
fruitfulyield.com,13,13
pinkberry.com,85,85
wingzone.com,37,37
littlecaesars.com,4231,4231
arco.com,1561,1561
chavezsuper.com,10,10
supermercadosmrspecial.com,17,17
extremepizza.com,38,38
deciccoandsons.com,8,8
flroberts.com,24,24
foxconvenience.com,9,9
piccadilly.com,41,41
lacrosseunlimited.com,41,41
andaz.hyatt.com,18,18
handandstone.ca,28,28
joann.com,869,869
ihg.com/holidayinnclubvacations,3583,21
elranchoinc.com,25,25
serviceking.com,344,344
shopvaluland.com,4,4
foodtown.com,72,72
interstatebatteries.com,444,444
cherryberryyogurtbar.com,46,46
foodlandstores.com,10,10
roconestop.com,18,18
speedystop.com,28,28
meineke.ca,33,33
jalexanders.com,46,19
dollartreecanada.com,225,225
surfcitysqueeze.com,86,86
faststopmarkets.com,13,13
easyhome.us,31,31
bartelldrugs.com,68,68
abbeycarpet.com,248,80
slimchickens.com,75,75
crosbysstores.com,82,82
mcdonalds.com,13895,13895
kwikchekstores.com,45,45
searshomeservices.com,4825,4825
udfinc.com,171,171
sears.com,1103,233
99restaurants.com,107,107
amctheatres.com,634,634
atlanticunionbank.com,146,146
kohls.com,1148,1148
paisanospizza.com,38,38
shopsavmor.com,7,7
gap.com,664,664
pizzahut.ca,402,402
ezgostores.com,22,22
bbt.com,3499,1770
zoundshearing.com,17,17
cenex.com,2541,35
janieandjack.com,138,138
pizzaplusinc.com,59,59
jerseymikes.com,1583,1583
completenutrition.com,37,37
shophqf.com,15,15
threebearsalaska.com,9,9
pandaexpress.com,2136,2136
pilotflyingj.com,761,761
bigy.com,70,70
yumyumdonuts.com,92,92
myporters.net,9,9
goodfortunesupermarket.com,19,19
cornermarketms.com,7,7
dressbarn.com,661,661
savers.com,346,111
alohapokeco.com,16,16
georgewebb.com,44,44
starwoodhotels.com/luxury,5135,20
chilis.com,1239,1239
sweetfrog.com,296,296
chicos.com,675,675
tacotime.com,127,127
wingerbros.com,24,24
chevronwithtechron.com,7832,6478
myugo.com,37,37
stop-n-go.com,36,36
theoceanaire.com,11,11
brusters.com,174,174
valuepawnandjewelry.com,101,101
champlainfarms.com,39,39
mastrosrestaurants.com,17,17
zaxbys.com,918,918
redlion.com/hotel-rl,1119,9
cabelas.com,171,87
zpizza.com,35,35
savastep.com,11,11
babinsseafood.com,3,3
sappbros.net,35,35
grandresidenceclub.com,1,1
carrows.com,7,7
freedomvalu.com,49,49
planetsmoothie.com,155,155
jackinthebox.com,2243,2243
noodles.com,461,461
ta-petro.com,260,260
sendiks.com,17,17
getairsports.com,1,1
rossstores.com,1502,1502
kendrascott.com,100,100
colortyme.com,32,32
cottageinn.com,52,52
akins.com,7,7
stripesstores.com,532,532
costco.com,642,642
kristoil.com,75,75
gerritys.com,9,9
chart-house.com,26,26
journeys.com,1152,1152
bigsaverfoods.com,11,11
medifastcenters.com,15,15
acfp.com,67,67
sees.com,225,225
peoples.com,494,401
sperrytopsider.com,818,33
homedepot.com,2166,2166
savonstores.com,11,11
grocerydepotms.com,3,3
meeks.com,43,43
macys.com,574,574
abeloil.com,18,18
pigglywiggly-central.com,7,7
unimartonestop.com,4,4
ruthschris.com,142,142
suntrust.com,1706,1158
fiveguys.com,1433,1433
strawhatpizza.com,23,23
bathandbodyworks.com,1648,1648
topstarexpress.com,31,31
windsorstore.com,216,216
puma.com,98,98
stopandgostores.com,45,45
finefaresupermarkets.com,46,46
baskinrobbins.com,2599,2599
texaco.com,7860,1361
mrsubmarine.com,25,25
smokerfriendly.com,655,215
super1foods.net,20,20
famousfootwear.com,944,944
outback.com,732,732
eatatspitz.com,2,2
journeys.ca,46,46
rapidrobertsinc.com,31,31
hurricanewings.com,55,55
mortons.com,65,65
dickshomecare.com,8,8
wilsonsleather.com,131,131
petland.com,80,80
michaels.com,1258,1258
cermakfreshmarket.com,15,15
mitsuwa.com,10,10
lassens.com,12,12
familydollar.com,8242,8242
wayfieldfoods.com,8,8
destinationmaternity.com,62,62
liptonenergy.com,11,11
commoncentsstores.com,47,47
menswearhouse.com,709,709
blackjackpizza.com,41,41
crestfoodsok.com,8,8
booksamillion.com,216,216
resortretailers.com,18,18
maurices.com,934,934
joescrabshack.com,56,56
naturalizer.com,58,58
dwr.com,39,39
birdiesfood-fuel.com,22,22
bedbathandbeyond.com,1109,935
gymboree.com,531,531
bahamabreeze.com,42,42
pickupstix.com,63,63
hardings.com,26,26
victoriassecret.com,1078,1078
josabank.com,501,501
abcfws.com,120,120
buddyrents.com,293,293
yogurt-land.com,269,269
shopthepig.com,100,100
mitchellssteakhouse.com,3,3
streetsofnewyork.com,23,23
petlanddiscounts.com,80,80
nwwhealthmarts.com,7,7
sav-mor.com,23,3
sandellas.com,53,53
bestbuy.com,933,933
rainbowshops.com,1026,1026
shopdisney.com,212,212
miafrancesca.com,18,18
rubios.com,198,198
visionworks.com,710,710
dollargeneral.com,15313,15313
osf.com,43,43
myrosatis.com,155,155
coborns.com,26,26
rainforestcafe.com,18,18
bestwayrto.com,77,77
indianmotorcycle.com,182,182
saladcreations.net,6,6
cb2.com,19,19
caraluzzis.com,5,5
pccmarkets.com,12,12
graciebarra.com,112,112
swarovski.com,1132,232
peninsulabeauty.com,1,1
buckeyecorner.com,4,4
finishline.com,895,895
bandanasbbq.com,27,27
eatatjacks.com,169,169
dickeys.com,497,497
pbteen.com,14,14
famousdaves.com,130,130
timesoil.com,16,16
potterybarnkids.com,78,78
jonsmarketplace.com,12,12
planetwings.com,18,18
samedelman.com,13,13
farmershomefurniture.com,234,234
eyeglassworld.com,119,119
starbucks.com,14906,14906
goodtimesburgers.com,34,34
riddlesjewelry.com,60,60
eaglestopstores.com,54,54
murdochs.com,34,34
stuartweitzman.com,53,53
harveyssupermarkets.com,47,47
washingtonfederal.com,236,236
ampm.com,1206,1206
ladyfootlocker.com,62,62
gordonsjewelers.com,10,10
superafoods.com,8,8
shell.ca,1328,1328
ljsilvers.com,839,839
figaros.com,32,32
tourneau.com,27,27
justbrakes.com,5,5
pokeworks.com,45,45
redwingshoes.com,507,507
flooranddecor.com,107,107
penzeys.com,63,63
hannoush.com,43,43
flyersenergy.com,135,135
meltingpot.com,105,105
psfoodmart.com,35,35
circle-a.com,12,12
sonnysbbq.com,98,98
tiltedkilt.com,30,30
redlion.com/signature-inn,1119,1
pcrichard.com,66,66
koa.com,511,511
rosatispizza.com,72,72
dooney.com,18,18
firstbankonline.com,74,74
paradisebakery.com,9,9
wawa.com,876,876
verizonwireless.com,7278,1616
samuraisams.net,17,17
vallartasupermarkets.com,50,50
lesliespool.com,937,937
signarama.com,367,367
charleys.com,536,536
mysnappys.com,12,12
tijuanaflats.com,135,135
spicypickle.com,2,2
hibbett.com,1049,1049
jiffytrip.com,28,28
brioitalian.com,58,58
littlecaesars.ca,326,326
bang-olufsen.com,15,15
northsiderx.com,10,10
genghisgrill.com,50,50
chsinc.com,3,3
buffalowildwings.com,1220,1220
rasushi.com,22,22
cadillacbar.com,3,3
blimpie.com,221,221
harmondiscount.com,268,54
shopfamilyfare.com,87,87
duffysmvp.com,34,34
ushealthworks.com,519,519
gosimonson.com,17,17
evenhotels.com,3583,12
immediateclinic.com,16,16
biscuitville.com,56,56
footlocker.ca,126,126
academy.com,254,254
olivegarden.com,850,850
wegmans.com,100,100
giordanos.com,70,70
ralphlauren.com,223,223
rocketfizz.com,84,84
vanzeelands.com,5,5
horizononline.com,70,70
pnc.com,4095,2332
tsk.com,44,44
berkotfoods.com,16,16
oldnavy.gap.com,1111,1111
pinstripes.com,10,10
belk.com,292,292
xtramart.com,120,120
soelbergsmarket.com,2,2
murphyusa.com,1446,1446
chanellospizza.com,30,30
tastidlite.com,13,13
wienerschnitzel.com,329,329
menchies.com,476,476
pepboys.com,972,972
7-eleven.ca,585,585
loft.com,656,656
strawhatpizzagilroy.com,1,1
gapcanada.ca,113,113
darimart.com,44,44
petsmart.com,1653,1653
dibellas.com,47,47
doublekwik.com,40,40
fazolis.com,215,215
shopridleys.com,28,28
staples.com,1114,1114
longsrx.com,20,20
maxfuel.net,21,21
rudysbbq.com,45,45
seasons52.com,44,44
benjerry.com,218,218
americashloans.net,63,63
tootntotum.com,79,79
apeainthepod.com,107,27
leevers.com,15,15
dennys.com,1554,1554
naturalgrocers.com,156,156
thundercloud.com,31,31
tacotimecanada.com,128,128
oasisstopngo.com,23,23
westmarine.com,242,242
benandjerrys.ca,10,10
michaelkors.com,389,389
delfriscos.com,16,16
thefreshgrocer.com,9,9
express.com,626,626
acapulcorestaurants.com,2,2
newbalance.com,2646,132
4sonsstores.com,20,20
wafflehouse.com,1945,1945
pizzaguys.com,66,66
redmangousa.com,79,79
sunmartfoods.com,5,5
tazikiscafe.com,92,92
jcpenney.com,865,865
harryanddavid.com,41,41
billgrays.com,20,20
shopjustice.com,828,828
loumalnatis.com,56,56
reasors.com,15,15
ihop.com,1761,1761
prengerfoods.com,8,8
nestlecafe.com,93,93
blazepizza.com,353,353
warehousediscountgroceries.com,4,4
shopvgs.com,9,9
freshii.com,526,526
westernconveniencestores.com,42,42
sunbeltrentals.com,760,760
burgerim.com,385,187
etgrill.com,2,2
office-beerbar.com,1,1
lanebryant.com,727,727
pizzerialocale.com,2,2
rue21.com,698,698
pizzapro.com,467,467
hcoafitness.com,14,14
24hourfitness.com,443,443
costcobusinessdelivery.com,18,18
searshardwarestores.com,6,6
lenscrafters.com,970,970
childrensplace.com,966,966
allenedmonds.com,539,75
twinliquors.com,86,86
fiestainsurance.com,207,207
navarro.com,28,28
qdoba.com,722,722
jimmychoo.com,43,36
winwood.com,10,10
greatwraps.com,45,45
shakeys.com,50,50
musicarts.com,218,218
applebees.com,1699,1699
cocosbakery.com,43,43
calicocorners.com,72,72
olivetobistro.com,3,3
elpolloloco.com,489,489
jimmyjohns.com,2811,2811
edwardsoilco.com,40,40
catherines.com,331,331
yallamedi.com,7,7
tumbleweedrestaurants.com,19,19
perfectlooksalons.com,67,67
dysarts.com,3,3
globoshoes.com,39,39
rouses.com,63,63
festivalfoods.net,6,6
basspro.com,171,84
pricechopper.com,132,132
fivebelow.com,837,837
konagrill.com,27,27
familyvideo.com,621,621
flashfoods.com,188,188
portofsubs.com,127,127
eatpdq.com,73,73
omahasupermercado.com,3,3
diyhomecenter.net,8,8
super8.com,1578,1578
winndixie.com,13332,506
postalannex.com,282,282
rei.com,154,154
neimanmarcus.com,70,70
urbanecafe.com,18,18
myspinx.com,81,81
tradefairny.com,8,8
gotobecks.com,16,16
hungryhowies.com,547,547
mooyah.com,75,75
mickeythemoose.com,40,40
hometownpharmacy.com,40,17
frullati.com,12,12
bloomingdales.com,54,54
montblanc.com,261,34
mycountrymart.com,5,5
origins.com,911,63
captainds.com,530,530
lids.ca,133,133
comerica.com,532,532
3forks.com,7,7
hartigdrug.com,21,21
pandainn.com,5,5
onewestbank.com,70,70
ranchone.com,2,2
thecapitalgrille.com,57,57
oreillyauto.com,5268,5268
overtons.com,68,68
cohnrestaurants.com,27,27
mach1stores.com,23,23
granitetransformations.com,65,65
pizzabolis.com,79,79
schnucks.com,122,122
freepeople.com,136,136
wingsetc.net,70,70
gift-ology.com,4,4
rapidurgentcare.com,6,6
kevajuicesw.com,13,13
mortensondental.com,41,41
cadence-academy.com,165,84
castorage.com,79,39
nfm.com,5,5
childrensparadise.com,4,4
amfamfit.com,9,9
davidbartongym.com,2,2
bsnb.com,13,13
hancockfabrics.com,173,173
topsmarkets.com,168,168
carpetlandusa.com,24,24
ems.com,23,23
acura.com,269,269
ckokickboxing.com,91,91
feederssupply.com,23,23
harvestseasonalgrill.com,9,9
nativefoods.com,13,13
steaknshake.com,595,595
lacoste.com,103,97
thejerkyoutlet.com,20,9
walgreens.com,8762,8762
ccfi.com/goeasymoney,63,63
rosamexicano.com,10,10
davidsbridal.com,304,304
cefcostores.com,205,205
mamafus.com,18,18
livingspaces.com,24,24
nijiya.com,12,12
napaonline.com,5338,5338
redroof.com,560,560
whitneybank.com,223,223
hugoboss.com,178,178
krispykrunchy.com,2454,2454
beallsoutlet.com,264,264
bmwusa.com,453,453
groceryoutlet.com,335,335
sullivantire.com,71,71
soupersalad.com,19,19
southstatebank.com,182,182
comfortdental.com,176,176
unionsavings.com,26,26
fastraccafe.com,53,53
foxgal.com,46,46
ripleys.com,20,20
thelittleclinic.com,221,221
arhaus.com,70,70
zenmassageusa.com,15,15
pancheros.com,72,72
4wheelparts.com,86,86
85cafe.us,62,62
arlansmarket.com,18,18
darquetan.com,537,7
themarketswa.com,2,2
unode50.com,24,24
gottaeattapita.com,4,4
lacolombe.com,30,30
bobbysburgerpalace.com,13,13
barre3.com,142,142
rockandbrews.com,21,21
simplefloors.com,13,13
ontherun.com,111,111
kikocosmetics.com,3,3
kessler-rehab.com,4,4
coach.com,1103,356
dogdaycare.com,85,85
mashurgentcare.com,32,32
ramtrucks.com,2476,2476
castledental.com,346,346
ethanallen.com,184,184
weightwatchers.com,3722,950
laborfinders.com,195,195
starchildacademy.com,7,7
happyjoes.com,46,46
save-a-lot.com,1215,1215
kilwins.com,136,136
shopmarketbasket.com,80,80
stopandshop.com,657,657
mirabito.com,125,125
parkview.com,336,336
certifiedoil.com,68,68
greatclips.com,4439,4439
loscucos.com,22,22
applecaredoctors.com,11,11
ryans.com,73,16
dagnyc.com,10,10
inova.org,170,170
bostonmarket.com,423,423
deseretindustries.org,45,45
lkqcorp.com,193,193
chuys.com,104,104
haggen.com,15,15
acmoore.com,144,144
wagnwash.com,18,18
bootbarn.com,234,234
druryhotels.com,139,139
ritzmanrx.com,34,34
bikramyoga.com,43,43
coldwatercreek.com,8,8
theupsstore.com,4820,4820
heartlandcoop.com,73,73
POPEYES.COM,2533,2533
pagoda.com,569,569
shunfatsupermarket.com,13,13
myeyelevel.com,208,208
fiestamart.com,67,67
peerlesstyreco.com,49,49
pizzafire.com,5,5
discounttirecenters.com,36,36
tacojohns.com,395,395
krisers.com,49,49
providence.org,392,392
bldr.com,446,446
texasdebrazil.com,56,56
papaginos.com,89,89
blarneycastleoil.com,139,139
eatonapothecary.com,13,13
ranchomarkets.com,9,9
greatwolf.com,17,17
louisvuitton.com,134,134
usainsuranceco.net,7,7
jcpenneyoptical.com,274,274
crocs.com,158,158
totalaccessurgentcare.com,23,23
salata.com,87,87
bakerdist.com,213,213
houstonlocalfoods.com,5,5
pauldavis.com,217,217
artvan.com,140,140
shoeshow.com,1095,368
cubesmart.com,1125,1125
bristolcountysavings.com,25,25
mscdirect.com,88,88
supercuts.com,2791,2791
fiestafoodssupermarkets.com,4,4
realodiscountdrug.com,18,18
hollywoodmarkets.com,5,5
goldsgym.com,336,336
gertrudehawkchocolates.com,48,48
furniturerow.com,114,114
dodge.com,2354,2354
bestfitness.net,9,9
clothesmentor.com,137,137
shopplanetblue.com,14,14
big5sportinggoods.com,433,433
bartons-lumber.com,11,11
forwardcorp.com,77,77
kidscountry.com,6,6
celebree.com,26,26
quikmartstores.com,27,27
dashinfoodstores.com,56,56
country-markets.com,7,7
goldenkrust.com,126,126
sportandhealth.com,10,10
unclemaddios.com,25,25
marriottvacationclub.com,5135,53
coastdental.com,119,119
sigels.com,8,8
monkeyjoes.com,35,35
airgas.com,1267,1267
childrens.com,36,36
leeannchin.com,47,47
childrenofamerica.com,63,63
meijer.com,245,245
bassettfurniture.com,384,384
marcs.com,105,105
buffaloexchange.com,52,52
concordpetfoods.com,30,30
editionhotels.com,5135,4
marketsquareonline.com,7,7
tradesecret.com,3,3
shoesensation.com,193,193
marqueecinemas.com,17,17
bonefishgrill.com,188,188
colonialmaterials.com,10,10
daylightdonuts.com,412,412
bocagranderestaurant.com,2,2
sneakypeteshotdogs.com,40,40
fastenal.com,2131,2131
bfr.com,19,19
brooksbrothers.com,274,274
roomandboard.com,18,18
goldenchick.com,204,204
alltuneandlube.com,1,1
jaguarusa.com,174,174
countryfinancial.com,1641,1641
huntington.com,1478,926
minutemanpress.com,789,789
pjscoffee.com,98,98
western-sizzlin.com,65,65
crownfriedchicken.com,27,27
fire-ice.com,5,5
heroburgers.com,20,20
cellphonerepair.com,506,506
newyorksportsclubs.com,94,94
saksfifthavenue.com,43,43
golftec.com,187,187
greers.com,29,29
beautybrands.com,23,23
goodyearautoservice.com,567,469
americasbest.com,699,699
pacsun.com,398,398
smartusa.com,30,30
chuckanddons.com,46,46
nationalcar.com,303,303
showcasecinemas.com,27,27
ryerson.com,75,75
roadrunnermarkets.com,92,92
mrchickencle.com,4,4
diesel.com,29,29
jackwilliams.com,36,36
kay.com,1213,1213
worldgym.com,78,78
carters.com,962,962
stmtires.com,45,45
arnoldmotorsupply.com,57,57
stevemadden.com,165,165
leonardusa.com,59,59
barrysbootcamp.com,42,42
fredmeyerjewelers.com,253,253
dickblick.com,67,67
hopcat.com,17,17
centinelafeed.com,18,18
martins-supermarkets.com,21,21
fantasticsams.com,948,948
redlion.com/guesthouse,25,25
jasonsdeli.com,283,283
robeks.com,83,83
birkenstockusa.com,2657,79
timessupermarkets.com,23,23
petplanethealth.com,13,13
hsoil.com,3,3
earlofsandwichusa.com,31,31
originalroadhousegrill.com,10,10
villageinn.com,196,196
fatburger.com,126,126
pon-bon.com,81,81
homesmart.com,51,51
bartlett.com,169,116
gcfb.net,32,32
hummusandpitas.com,6,6
cometcleaners.com,158,158
levi.com,247,247
kwikfill.com,283,283
furrs.net,18,18
classiccleaners.net,20,20
petfoodexpress.com,62,62
gonavis.com,67,67
fredmeyer.com,4602,1411
bestvaluepharmacies.com,14,14
booksandco.com,1,1
camper.com,13,13
thebso.com,9,9
freebirds.com,73,73
zoogym.com,27,27
eblens.com,48,48
toyota.com,1247,1247
lidl.com,67,67
dynamex.com,1,1
freshcity.com,10,10
partnersurgentcare.org,9,9
doubledaves.com,40,40
uabmedicine.org,57,57
friendlyexpress.com,37,37
icing.com,182,182
americastire.com,1178,95
sealmaster.net,102,102
mauidivers.com,28,28
mygabes.com,117,117
papyrusonline.com,189,189
shopbentley.com,259,259
myfoodgiant.com,4,4
tenthousandvillages.com,131,131
upmc.com,234,234
burritobeach.com,6,6
lordandtaylor.com,47,47
southtexasdental.com,36,36
unitedfinancialinc.com,44,44
maxbrenner.com,3,3
ourcoop.com,162,162
novusglass.com,162,162
thebarrecode.com,46,46
cyclebar.com,202,202
foodlion.com,1061,1061
thechophouse.com,10,10
seafoodcity.com,31,31
conniespizza.com,2,2
lotteplaza.com,13,13
capmat.com,21,21
shopmyexchange.com,211,211
citymarket.com,36,36
greasemonkeyintl.com,232,232
davidstea.com,234,234
joyalukkas.com,3,3
luckysmarket.com,39,39
momsorganicmarket.com,19,19
dailysstores.com,38,38
plazatireservice.com,62,62
remichel.com,280,280
jcrew.com,367,367
onceuponachild.com,390,390
unionbank.com,348,348
holidaystationstores.com,539,539
nicholasmarkets.com,4,4
roddapaint.com,78,55
ultimatefitness24hour.com,3,3
fanniemay.com,67,67
aveda.com,418,22
offbroadwayshoes.com,73,73
exerurgentcare.com,12,12
bestdistributing.com,25,25
zoomcare.com,37,37
townfair.com,97,97
jumpzoneparty.com,13,13
zios.com,8,8
bowlofheaven.com,6,6
rocsstores.com,22,22
wexnermedical.osu.edu,94,94
ulta.com,1205,1205
arclightcinemas.com,10,10
jewelosco.com,188,188
creamnation.com,30,30
ptsolutions.com,140,140
superecono.com,63,63
totsandtykes.com,3,3
celebrationcinema.com,11,11
wingsnthings.com,21,21
josepeppers.com,13,13
rituals.com,15,15
steinhafels.com,18,18
jdbyrider.com,101,101
cantinalaredo.com,34,34
nordstromrack.com,249,249
academybank.com,50,50
banfield.com,1044,1044
francescas.com,732,732
16handles.com,30,30
goldenpantry.com,38,38
goodcentssubs.com,78,78
primerica.com,3361,3361
wholefoodsmarket.com,493,493
truevaluecompany.com,3076,3076
manchuwok.com,101,101
bondno9.com,6,6
justmassagestudio.com,3,3
mickeyshorr.com,15,15
gloriajeans.com,60,60
cellcom.com,56,37
carespot.com,114,41
frozenyo.com,6,6
bakedbymelissa.com,14,14
sobiks.com,8,8
nwlshop.com,2,2
vonhansons.com,24,24
coltonssteakhouse.com,37,37
kaiserpermanente.org,443,443
kimscstores.com,26,26
nissanusa.com,1085,1085
claires.com,1250,1250
dailys.com,10,10
rackroomshoes.com,446,446
dynamiteclothing.com,129,129
carmax.com,211,211
voodoobbqandgrill.com,9,9
c2educate.com,188,188
texasroadhouse.com,545,545
bobcat.com,483,274
westcoastdental.com,33,33
launchtrampolinepark.com,34,34
subaru.com,4144,4144
rottenrobbie.com,33,33
barcelonawinebar.com,15,15
dolphincarpet.com,10,10
redstonegrill.com,9,9
valero.com,5014,5014
kowalskis.com,11,11
tomthumb.com,62,62
goodwill.org,4909,4909
appleone.com,114,114
edwardstheaters.regmovies.com,570,42
acceptanceinsurance.com,350,350
vcf.com,105,105
buildwithbmc.com,142,142
greatharvest.com,184,184
myconvenient.com,5,5
af-rentall.com,20,20
xsportfitness.com,40,40
henhouse.com,9,9
pitajungle.com,21,21
imxpilates.com,36,36
everythingbutwater.com,100,100
carltonbates.com,26,26
servicemasterclean.com,1162,1162
maaco.com,450,450
99ranch.com,52,52
californiatortilla.com,39,39
security-finance.com/sunbelt-credit,740,36
thetirechoice.com,156,156
suntancity.com,257,257
westcoasthooters.com,9,9
victorylane.net,30,30
carolinaherrera.com,120,7
foxspizza.com,214,214
doggiestylepets.com,12,12
juicestopcafe.com,4,4
jimmygstores.com,11,11
chevrolet.com,2958,2958
jenniferfurniture.com,16,16
steinmart.com,283,283
elpolloregio.net,46,46
firstniagara.com,890,890
thriftywhite.com,97,97
promptucare.com,8,8
vfoutlet.com,72,72
tricoci.com,14,14
kitchencollection.com,167,167
yankeecandle.com,473,473
schwab.com,357,357
wabagrill.com,189,189
sephora.com,1128,1128
smallcakescupcakery.com,191,160
christushealth.org,318,318
mycdi.com,108,108
tomlinsonsales.com,8,8
infinitiusa.com,210,210
petemac.com,7,7
hibachidining.com,8,8
brookshirebrothers.com,125,125
minitman.net,30,30
citymd.net,113,113
circlek.com,6722,4809
devonseafood.com,5,5
safeway.com/fuel,2768,201
altardstate.com,113,113
cfcfarmhome.net,20,20
highsdairystores.com,48,48
cavenders.com,164,164
scotiabank.com,1516,1516
petermillar.com,40,40
proimagesports.com,110,110
bgrtheburgerjoint.com,21,21
carliecs.com,25,25
zupans.com,3,3
exxon.com,11904,6341
nyhrc.com,9,9
fitnessfor10.com,15,15
conwaynationalbank.com,15,15
mainstaysuites.com,41,41
microcenter.com,25,25
discoverypoint.com,46,46
bluebottlecoffee.com,61,61
sentryfoods.com,13,13
graybar.com,240,240
uncleg.com,7,7
bowlero.com,295,81
altamere.com,14,14
tedbaker.com,69,36
bigfootjava.com,32,32
homecentric.com,28,28
godfathers.com,518,518
jolleystores.com,44,44
tacotico.com,1,1
orvis.com,503,85
gosarpinos.com,49,49
greyhound.com,1825,1825
mathisbrothers.com,22,22
uptownjungle.com,6,6
judesbarbershop.com,26,26
altierus.edu,3,3
larryssubs.com,49,49
golfland.com,8,8
elriogrande.net,9,9
bottegaveneta.com,29,29
hillstone.com,46,46
iuhealth.org,670,670
baycoastbank.com,24,24
mykoolsmiles.com,36,36
securitas.com,296,296
dansupermarket.com,5,5
fredloya.com,718,718
duckdonuts.com,85,85
athletico.com,428,428
elsupermarkets.com,10,10
eatnpark.com,61,61
meatballs.com,8,8
kellymoore.com,274,274
burger21.com,24,24
piesandpints.net,15,15
gioninos.com,48,48
choptsalad.com,58,58
imax.com,450,450
homeofeconomy.com,7,7
unitedartiststheaters.regmovies.com,557,49
smallsmiles.com,1,1
choicepet.com,14,14
arbys.com,3435,3435
ketteringhealth.org,147,147
signsbytomorrow.com,91,91
sleephappens.com,251,251
holidayoil.com,60,60
stvincent.org,384,384
handyfoods.com,19,19
pollotropical.com,146,146
99only.com,364,364
mcquadesmarket.com,3,3
epicburger.com,8,8
hardwarestore.com,103,103
uri.com,378,378
idreamoffalafel.com,8,8
willamettedental.com,50,50
nortonhealthcare.com,342,342
learningexpress.com,108,108
u-gro.com,13,13
shopnsavestores.com,5,5
jimmysegg.com,55,55
bristolseafoodgrill.com,4,4
batterysystems.net,67,67
bigredliquors.com,55,55
thegreeneturtle.com,45,45
bensirestaurants.com,4,4
bjs.com,221,221
fourbrothersstores.com,23,23
motherhood.com,1133,312
harley-davidsonfootwear.com,383,383
wowbao.com,11,11
shopnsavefood.com,46,46
goldencorral.com,499,499
kwiktrip.com,668,668
knotts.com,1,1
familyfareconveniencestores.com,25,25
helzberg.com,218,218
armaniexchange.com,154,154
chick-fil-a.com,2516,2516
checkintocash.com,737,737
carlosokellys.com,18,18
honeybaked.com,453,453
hyundaiusa.com,833,833
pay-less.com,9,9
unitedsupermarkets.com,95,44
cafezupas.com,58,58
hrblock.ca,1088,1088
kinneydrugs.com,99,99
giantfood.com,306,306
alphagraphics.com,240,240
wbu.com,342,342
americasthrift.com,17,17
caferio.com,129,129
runza.com,85,85
geisinger.org,189,151
conns.com,128,128
weismarkets.com,202,202
gristedes.com,23,23
burgerville.com,41,41
oldtimepottery.com,43,43
ffohome.com,68,68
multi-specialty.com,31,31
cottonon.com,159,142
originalpenguin.com,13,13
electronics-expo.com,2,2
dtlr.com,203,203
honeydewdonuts.com,102,102
charliebrowns.com,16,16
jerrysartarama.com,14,14
aerotek.com,215,215
thereddoor.com,27,27
planetbeach.com,68,68
goddardschool.com,529,529
pumpandpantry.com,45,45
ivivva.com,4,4
eehealth.org,73,73
happyspizza.com,62,62
islandsrestaurants.com,54,54
lafaiveoil.com,11,11
amatos.com,40,40
unitedway.org,1191,1191
travelodge.com,6334,349
premierimc.com,19,19
ashleyfurniturehomestore.com,635,635
ynotstop.com,16,16
tutoringclub.com,60,60
carenow.com,114,114
americansignaturefurniture.com,117,117
columbiabank.com,156,150
massageheights.com,139,139
northwell.edu,741,741
forever21.com,575,575
miniustorage.com,44,44
kahootspet.com,20,20
pharmaca.com,29,29
sabonnyc.com,11,11
oldcountrybuffet.com,74,19
culvers.com,720,720
eosfitness.com,37,37
amigoskings.com,31,31
cnb.com,98,98
beachbum.com,41,41
sturdevants.com,51,51
k1speed.com,30,30
urbanzen.com,3,3
sirspeedy.com,161,161
abuelos.com,37,37
harmonsgrocery.com,21,21
boomersparks.com,10,10
trinaturk.com,13,13
mazzios.com,122,122
tradewindsmarkets.com,14,14
excel-urgentcare.com,11,11
conoco.com,2087,2087
farmersagent.com,11682,11682
biggby.com,248,248
hardrockhotels.com,14,14
hardrock.com,55,55
banzaibowls.com,7,7
chrysler.com,2881,2881
flynnstire.com,21,21
notyouraveragejoes.com,23,23
exxpressmart.com,22,22
foodmaxx.com,54,54
ibc.com,186,186
greatlakesace.com,50,50
sherwin-williams.com,4401,4401
autozone.com,5868,5868
lowesmarket.com,123,123
primantibros.com,44,44
blinkfitness.com,80,80
fogodechao.com,35,35
rightathome.net,362,362
gnc.com,6342,3915
lafambank.com,21,21
spagregories.com,2,2
unibank.com,15,15
libertytravel.com,111,111
ahern.com,72,72
elrodscostplus.com,5,5
mynavyexchange.com,115,115
globalpetfoods.com,183,183
spireworks.com,4,4
homesense.com,23,23
familyfootwearcenter.com,5,5
paniqescaperoom.com,10,10
bucadibeppo.com,77,77
papajohns.com,3197,3197
jimbos.com,5,5
flightfitnfun.com,14,14
sunloan.com,258,258
visitingangels.com,598,598
shaws.com,2187,133
bimart.com,79,79
medspring.com,30,30
boostmobile.com,18237,5926
uptowncheapskate.com,67,66
gotjump.com,14,14
ontheborder.com,142,142
biglots.com,1405,1405
laserquest.com,28,28
hightechburrito.com,6,6
allegramarketingprint.com,182,182
babers.com,45,45
mulliganfun.com,3,3
premierrents.net,58,53
jiffylube.com,2009,2009
eatatsantiagos.com,28,28
hurley.com,28,28
littmanjewelers.com,39,39
cesco.com,141,141
warbyparker.com,88,88
kidtokid.com,90,90
sweettomatoes.com,61,61
agjeans.com,16,16
cottonpatch.com,56,56
sharpeclothing.com,24,24
kia.com,769,769
anntaylor.com,283,283
lq.com,914,914
2ndandcharles.com,40,40
petersonsfreshmarket.com,1,1
healthcarepartners.com,74,74
elfenix.com,20,20
backyardburgers.com,48,48
crunch.com,305,305
doitbest.com,2926,442
readingcinemasus.com,6,6
thebodyshop-usa.com,112,112
featherpetro.com,16,16
newcomerfamily.com,17,17
mezeh.com,14,14
havertys.com,122,122
alliedcash.com,74,74
rhodes101.com,29,29
marukai.com,4,4
worknetoccupationalmedicine.com,18,18
bubblessalons.com,33,33
applied.com,325,325
bernieandphyls.com,8,8
broulims.com,10,10
soul-cycle.com,94,94
fanzz.com,86,86
heritages.com,33,33
qcsupply.com,30,30
kennedyfitness.org,7,7
atwoods.com,64,64
bluepearlvet.com,74,74
bulgari.com,24,24
thehalalguys.com,75,75
stuckeys.com,94,94
icuracao.com,12,12
athome.com,193,193
ml.com,588,588
alohagas.com,42,42
bowtiecinemas.com,38,38
lacarreta.com,9,9
molliestones.com,9,9
sharpusa.com,24,24
fnb-online.com,516,516
heb.com,260,260
sothebysrealty.com,362,362
texascartitleandpaydayloanservicesinc.com,124,124
mbfinancial.com,124,124
sushiroku.com,5,5
brooklinebank.com,25,25
lkqcorp.com/keystoneautomotive,330,92
charmingcharlie.com,262,262
llbean.com,52,52
fatmos.com,13,13
bgood.com,64,64
tubby.com,59,59
hooters.com,341,341
5napkinburger.com,4,4
bmwmotorcycles.com,147,147
citysportsfitness.com,15,15
boudinbakery.com,28,28
parkersav.com,57,57
lexus.com,257,257
myhitchcocks.com,9,9
edwardsfoodgiant.com,7,7
triumphmotorcycles.com,148,148
themattressfactoryinc.com,14,14
careeronestop.org,2115,2115
shoecarnival.com,398,398
bjsbrewhouse.com,204,204
moneytreeinc.com,70,70
reeltheatre.com,8,8
peterbilt.com,312,312
amegybank.com,79,79
starwoodhotels.com/stregis,9,9
glenivy.com,1,1
elmcroft.com,88,88
boyersfood.com,18,18
riteaid.com,3307,3307
mezzagrille.com,5,5
gymboreeclasses.com,114,114
stagestores.com,150,150
approvedcashadvance.com,155,155
sonus.com,61,61
totalwine.com,195,195
nathansfamous.com,15938,138
planetbeauty.com,39,39
actiondayprimaryplus.com,11,11
thebeneficial.com,61,61
payless.com,20,20
brooklynwaterbagels.com,18,18
broadwaypizza.com,14,14
escada.com,14,14
bfresh.com,2,2
chebahut.com,27,27
harristeeter.com,483,483
udans.com,8,8
eatjaggers.com,2,2
westelm.com,106,106
uniurgentcare.com,6,6
marazzitile.com,43,43
thriftwaypharmacy.com,5,5
newseasonsmarket.com,21,21
kumandgo.com,396,396
cinearts.com,351,5
springcreekbarbeque.com,33,33
bluelinerental.com,951,951
platt.com,138,138
queencityonline.com,6,6
idealimage.com,139,139
ohiohealthuc.com,178,178
kindercare.com,1323,1323
valleynationalbank.com,179,179
aaffordableauto.com,77,77
loccitane.com,329,207
diginn.com,29,29
nbtbank.com,188,188
roundtablepizza.com,431,431
jonathanadler.com,9,9
nautica.com,69,69
runningroom.com,95,95
wokbox.us,55,55
siteforsoreeyes.com,62,62
sunriseconveniencestores.com,35,35
tiffany.com,94,94
lillypulitzer.com,219,68
veggiegrill.com,37,37
a1storage.com,46,46
fultonbanknj.com,64,64
amscot.com,236,236
bankwithunited.com,185,185
cardinalfitness.com,3,3
versace.com,22,22
butlerhealthsystem.org,117,117
ppgpaints.com,4142,628
handymart.com,19,19
officemax.com,1328,466
satellitehealth.com,78,78
burlingtoncoatfactory.com,638,638
maynardsfoods.com,15,15
oxxousa.com,50,50
kidville.com,19,19
bellstores.com,57,57
mymotomart.com,79,79
ngpg.org,102,102
intownsuites.com,195,195
schoophamburgers.com,20,20
armadillowillys.com,7,7
itsfashions.com,203,203
libertytax.com,2733,2733
aldoshoes.com,488,488
getregionalcash.com,345,345
americanspeedy.com,13,13
ShopMyLuckys.com,3,3
premierhomefurnishings.net,52,4
kgstores.com,88,88
chinese-gourmet-express.com,60,60
pumpitupparty.com,126,126
dairyqueen.com,5106,5106
patagonia.com,33,33
hannaandersson.com,79,79
coolrivercafe.com,2,2
natuzzi.com,37,13
gourmanoff.com,2,2
donsandbens.com,30,30
cyclegear.com,146,146
arizonatile.com,35,35
williamsbrospharmacy.com,13,13
dillards.com,292,292
purcelltire.com,36,36
hotspotcstore.com,41,41
covance.com,24,24
advanceamerica.net,1781,1781
towncaredental.com,30,30
gabrielsliquor.com,15,15
zales.com,653,653
amigosunited.com,4,4
georgiatheatrecompany.com,25,25
jasminandolivz.com,6,6
riamoneytransfer.com,135,135
solasalonstudios.com,482,482
freshberry.net,8,8
kwikking.com,6,6
lapetite.com,435,435
modoyoga.com,16,16
shoestation.com,22,22
theriverwindsrestaurant.com,1,1
bakersplus.com,3389,10
willys.com,31,31
smilecare.com,36,36
jwtumbles.com,9,9
jeromes.com,21,21
timberlodgesteakhouse.com,1,1
bally.com,14,14
shopezrentals.com,27,27
roths.com,9,9
ecommunity.com,115,7
ccfi.com,76,76
ladyjanes.com,102,102
ocean-prime.com,17,17
tupelohoneycafe.com,14,14
thepalm.com,24,24
plannedparenthood.org,611,611
dvf.com,6,6
econolodge.com,842,842
racebros.com,3,3
cookoutnc.com,259,259
umb.com,220,96
cummins.com,182,182
thekebabshop.com,13,13
sourdoughfuel.com,7,7
vbarbershop.com,43,43
blissspa.com,9,9
lupetortilla.com,24,24
cellularoneonline.com,18,18
crazy8.com,263,263
marylandfriedchicken.com,26,26
donrobertojewelers.com,86,86
mydentalvisioncare.com,26,26
lamichoacanameatmarket.com,150,150
gelsons.com,27,27
togos.com,203,203
attplans.com,690,690
home2suites3.hilton.com,388,388
hawaiianbarbecue.com,195,195
premierecinemas.net,2,2
leiszler.com,15,15
integrisok.com,282,282
boosterjuice.com,385,385
shopwss.com,82,82
diamondsdirect.com,19,19
myinvestorsbank.com,147,147
littlegeneral.com,42,42
worldmarket.com,274,274
uniqlo.com,55,55
tommy.com,850,177
shred415.com,29,19
madrag.com,59,59
kumon.com,1543,1543
sharkys.com,29,29
chusmart.com,10,10
villagemarketfoodcenters.com,14,14
petpeoplestores.com,60,60
rainbowfoods.com,100,100
commercebank.com,307,159
speedycash.com,213,213
lamborghini.com,33,33
regmovies.com/static/en/us/theatre/cinebarre,8,8
phycare.net,57,10
twomenandatruck.com,316,316
mariecallenders.com,48,48
epfitness.com,8,8
ocharleys.com,196,196
pret.com,78,78
workbootwarehouse.com,6,6
rosebudrestaurants.com,8,8
snipits.com,58,58
nailgarden.com,12,12
jennycraig.com,470,470
harvestsupermarkets.com,8,8
kwikkaronline.com,46,46
brassicashortnorth.com,4,4
vons.com,200,200
hercrentals.com,247,247
hometownpet.com,167,167
sandyspringbank.com,31,31
ford.com,3415,3415
americasmattress.com,255,255
untuckit.com,62,62
myhoneyfarms.com,30,30
securityself-storage.com,37,37
bbhouston.com,4,4
publicstorage.com,2458,2458
fastframe.com,69,69
trustcobank.com,149,149
bettermedcare.com,8,8
monro.com,460,460
theproteinbar.com,19,19
mauiwowi.com,50,50
marinelayer.com,41,41
rcwilley.com,15,15
plainscapital.com,92,92
costavida.net,100,100
shopko.com,80,80
agacistore.com,49,49
vcahospitals.com,702,702
bluecoastburrito.com,13,13
mapcorewards.com,347,347
musclemakergrill.com,45,45
chuckecheese.com,543,543
benzerpharmacy.com,115,115
myxperiencefitness.com,15,15
eatatcore.com,56,56
aspenathletic.com,6,6
dukeschowderhouse.com,7,7
discounttire.com,1029,919
suburbanpropane.com,178,178
central-oil.com,10,10
smoothieking.com,979,979
doodlebugs.com,16,16
sallybeauty.com,2951,2951
fuzzystacoshop.com,150,150
skylinechili.com,137,137
loves.com,558,558
republicservices.com,860,860
lebakkensrto.com,11,11
century21.com,3442,3442
saq.com,409,409
eugeneurgentcare.com,13,13
leesfamousrecipe.com,132,132
gfnational.com,31,31
clarksrx.com,4,4
ashleystewart.com,90,90
twistedrootburgerco.com,17,17
juicepress.com,80,80
vermeer.com,107,107
mydbsupply.com,14,14
edukidsinc.com,15,15
stewartsshops.com,336,336
sprint.com,4113,4023
crossfit.com,7180,7180
rolypoly.com,41,41
hawthorn.com,103,103
smokespoutinerie.com,70,70
motherhoodcanada.ca,1133,312
hollywoodwaxmuseum.com,4,4
marinerfinance.com,466,466
lolelife.com,11,11
extraspace.com,1775,1775
kroger.com,2275,2275
fye.com,207,207
mybountyland.com,12,12
penncycle.com,10,10
peopleready.com,611,611
firestonecompleteautocare.com,1752,1752
coastalfarm.com,17,17
armstrongmccall.com,159,159
pavilions.com,26,26
atriumhealth.org,998,998
centerformedicalweightloss.com,274,274
flagshipcinemas.com,16,16
pennzoil.com,12784,75
mattressking.net,48,48
tuxedojunction.com,20,20
srsdistribution.com,65,65
carewellurgentcare.com,17,17
samsclub.com,598,598
atmtees.com,2,2
iberiabank.com,225,225
cinebistro.com,14,14
cava.com,84,84
kamasfoodtown.com,1,1
smithe.com,9,9
suitsupply.com,35,35
cactussalon.com,8,8
spencersonline.com,684,684
quiktrip.com,810,810
racetrac.com,270,270
jeffreynewyork.com,3,3
filibertos.com,50,50
projectjuice.com,9,9
guess.com,280,280
wingatehotels.com,159,159
scheelssports.com,27,27
vipauto.com,58,58
haircuttery.com,834,834
wellstreet.com,24,20
summer-fresh.com,2,2
guthrieschicken.com,29,29
mysprintfs.com,30,30
timhortons.com,4890,4890
chanel.com,30,30
dolce.com,8,8
mattressandmore.com,16,16
76.com,1989,1989
fastmed.com,109,109
merrymaids.com,481,481
spaviadayspa.com,41,41
helenachemical.com,392,392
marianos.com,214,44
susquehanna.net,1961,1961
woknfire.com,4,4
benefitcosmetics.com,2370,30
crossroadstrading.com,37,37
looppizzagrill.com,16,16
formanmills.com,43,43
umamiburger.com,20,20
ymca.net,2563,2563
agents.allstate.com,11704,11704
furla.com,18,18
ngccenters.com,10,10
thegrandtheatre.com,12,12
dominocstores.com,18,18
carbonespizzeria.com,37,37
state-rda.com,266,266
pretzelmaker.com,187,187
glorydaysgrill.com,34,34
samuel.com,56,56
relaxtheback.com,89,89
picturepeople.com,81,81
sleepoutfitters.com,132,132
jerrysfoods.com,4,4
thebarbersonline.com,34,34
mountainmikes.com,206,206
rompnroll.com,12,12
lincare.com,732,732
ferguson.com,1143,1143
childrensorchard.com,25,25
skyzone.com,180,180
yvesrocher.ca,53,53
purebarre.com,528,528
eastofchicago.com,66,66
philzcoffee.com,49,49
dollarbankbusinesscenter.com,70,70
emagine-entertainment.com,20,20
citi.com,686,686
showplaceicon.com,5,5
theisens.com,24,24
vw.com,576,576
nuggetmarket.com,12,12
kuhnsmarket.com,8,8
unitedok.com,17,17
foreyes.com,126,126
gerbes.com,3908,6
avenue.com,266,266
brookshires.com,108,108
villaitaliankitchen.com,203,203
redlion.com,1122,45
bluenile.com,5,5
aerosportsparks.com,3,3
BigAirUSA.com,7,7
anniesez.com,10,10
ritasice.com,591,591
americafirst.com,126,126
yourpie.com,83,83
kiehls.com,80,80
avada.com,143,143
cashstore.com,248,248
countryinns.com,457,457
hihealth.com,1,1
shopcashsaver.com,7,7
steelcitypizza.com,2,2
burkesoutlet.com,184,184
advocatehealth.com,940,940
tangeroutlet.com,34,34
ho-chunkgaming.com,6,6
doscoyotes.com,11,11
verabradley.com,3653,157
security-finance.com/continental-credit,924,41
bodyrenewfitness.com,11,11
fairmont.com,20,20
fleetfarm.com,43,43
hucks.com,109,109
woodranch.com,16,16
rockymountainchocolatefactory.com,287,287
sweatybetty.com,37,37
gianteagle.com,428,428
eatchronictacos.com,56,56
haveanicebank.com,63,63
johnnyquik.com,14,14
zara.com,129,129
randalls.com,38,38
americansale.com,12,12
rsgroof.com,65,65
bobstores.com,30,30
earthfare.com,54,54
pizzarev.com,37,37
schraderoil.com,19,19
galaxytheatres.com,15,15
mercy.net,1183,1183
eatbarbacoa.com,12,12
surlatable.com,131,131
navistarsupplier.com,13,13
beaconroofingsupply.com,549,549
deandeluca.com,9,9
ajsfinefoods.com,11,11
cvs.com,9792,9792
sunriseseniorliving.com,280,280
shopsmartfoods.com,6,6
tacotimenw.com,71,71
christiedental.com,18,18
orschelnfarmhome.com,168,168
sportclips.com,1857,1857
bestmarket.com,28,28
genesis.com,151,151
inshapeclubs.com,65,65
bananarepublic.com,535,535
myrustybucket.com,23,23
twicedaily.com,87,87
michiganurgentcare.com,10,10
dunhamssports.com,206,206
uptowngroceryco.com,2,2
marketplacefoods.com,6,6
pizzaking.com,15,15
ucbi.com,1350,140
numerounomarkets.com,13,13
vitamindiscountcenter.net,8,8
physiciansurgentcare.com,3,3
newyorklife.com,166,166
nike.com,301,273
questdiagnostics.com,4037,2245
stlukescarenow.org,17,17
amazinglashstudio.com,231,231
schoolyardtavern.com,1,1
ccfi.com/firstvirginialoans,27,27
vocellipizza.com,88,88
tcmarkets.com,19,19
crabtree-evelyn.com,701,701
cheeseburgerinparadise.com,1,1
myfoodwise.com,3,3
earthbar.com,32,10
superdry.com,33,33
tacocabana.com,163,163
car-mart.com,141,141
kindersmeats.com,15,15
braums.com,281,281
bestfriendspetcare.com,30,30
bjc.org,19,19
unoduego.com,2,2
liquorbarn.com,17,17
labou.com,18,18
gretchenscottdesigns.com,4,4
beverlys.com,6,6
wirelesszone.com,368,368
tccrocks.com,878,878
mustardseedmarket.com,3,3
wolfgangpuck.com,27,27
baggerdaves.com,9,9
usbank.com,3461,2810
greensnaturalfoods.com,4,4
champion.com,236,14
rdoequipment.com,80,80
nightlitepediatrics.com,13,13
octapharmaplasma.com,94,94
soma.com,275,275
saelite.com,726,726
friendlys.com,174,174
primark.com,9,9
burnbootcamp.com,218,218
cpk.com,190,190
fossil.com,2385,170
clarksmarket.com,8,8
neuhauschocolate.com,15,15
powerfinancetexas.com,10,10
redbrickpizza.com,7,7
yokesfreshmarkets.com,17,17
skagitfarmers.com,16,16
clubpilates.com,491,491
valleydairy.com,13,13
goldmansachs.com,25,25
wregional.com,34,34
biscuitsandbath.com,13,13
parisbaguetteusa.com,72,72
fitnessunlimited.net,6,6
physiciansimmediatecare.com,43,43
leesliquorlv.com,22,22
fastrip.com,54,54
staffmark.com,258,258
buckysexpress.com,83,83
ribcrib.com,59,59
nbc.ca,3101,3101
elahorro.net,20,20
workngear.com,41,41
skyhighsports.com,8,8
merrittclubs.com,9,9
trexcon.com,13,13
omahasteaks.com,57,57
montagehotels.com,5,5
kneaders.com,59,59
audibel.com,186,186
thefreshmarket.com,161,161
belletire.com,106,106
fitnessevolution.com,8,8
pumpnpantry.com,14,14
fitnesstogether.com,148,148
mybpstation.com,6589,6589
mybobs.com,114,114
thelittlegym.com,211,211
kerrdrug.com,671,671
lindtusa.com,56,56
myduchess.com,125,125
mohegansun.com,3,3
cartoys.com,48,48
smashburger.com,324,324
dicksfreshmarket.com,5,5
houstons.com,15,15
myjhfamilystores.com,52,52
nationalrto.com,33,33
capriottis.com,97,97
rentawreck.com,60,60
bigr.com,23,23
citgo.com,4511,3513
winotstop.com,11,11
lafamiliapawn.com,14,14
deltaco.com,581,581
cliffslocalmarket.com,21,21
hilliard.com,63,63
salonsbyjc.com,101,101
parkinn.com,7,7
lindbergnutrition.com,2,2
waybackburgers.com,140,140
gfs.com,193,193
irvingoil.com,22,22
reeds.com,58,58
hyatt.com,587,6
cumberlandfarms.com,566,566
gfsstore.com,193,179
farmerboys.com,92,92
johnnyrockets.com,157,157
peterpiperpizza.com,130,130
petstuff.com,61,61
bigcityburrito.com,2,2
superquik.net,14,14
goldenlivingcenters.com,23,23
themarkette.com,25,25
friendlymartinc.com,19,19
atbtanning.com,57,57
farmsupplycompany.com,5,5
mariasitaliankitchen.com,9,9
eastwestbank.com,69,69
firstrepublic.com,75,75
annastaqueria.com,8,8
luckybrand.com,241,241
cheeburger.com,24,24
tvccommunications.com,7,7
wirelesstoyz.com,55,55
alexandani.com,92,92
rosascafe.com,49,49
gw-supermarket.com,16,16
gordys.com,26,26
thedump.com,10,10
peiwei.com,170,170
ayerco.com,27,27
callcheckmate.com,53,53
tossed.com,4,4
bcbg.com,264,264
thepridestores.com,13,13
advantage.com,40,40
gorays.com,32,32
baileyssportsgrille.com,4,4
directgeneral.com,382,382
tacomaker.com,79,79
smithandwollensky.com,9,9
apple.com,299,299
osfhealthcare.org,393,393
easternbank.com,114,114
bjsoptical.com,207,207
kimbrells.com,50,50
32yogurt.com,9,9
tirewarehouse.net,55,55
handymarts.com,38,38
trunkclub.com,6,6
dior.com,2181,36
subway.com,28083,28083
seniorhelpers.com,245,245
quikefoods.com,14,14
sturdyonline.com,14,14
vowellsmarketplace.com,12,12
marketstreetunited.com,95,95
hibdontire.com,26,26
jollibeeusa.com,39,39
standardoptical.net,14,14
urbanairtrampolinepark.com,88,88
westendroofing.com,29,29
postnet.ca,208,208
crispers.com,6,6
ladyofamerica.com,19,19
tirecenters.com,115,115
palmbeachtan.com,513,513
quickchek.com,160,160
unos.com,90,90
tacodelmar.com,96,96
claimjumper.com,37,37
sabas.com,4,4
louisianafamousfriedchicken.net,103,103
carpetspluscolortile.com,183,33
firstwatch.com,328,328
buchheitonline.com,11,11
ezpawn.com,362,362
chezcora.com,130,130
midas.com,1147,1147
cliffscheckcashing.com,30,30
www-hannaford.aholdusa.com,335,335
barmethod.com,122,122
latan.com,101,101
lafitness.com,714,714
buckle.com,451,451
genesishealthclubs.com,46,46
randstadusa.com,667,667
communitymarkets.com,23,23
tirepros.com,486,486
marshfieldclinic.org,65,65
ctbconnect.com,20,20
vercenterprises.com,31,31
californiafamilyfitness.com,20,20
hamptoninn.com,2233,2233
fastpaceurgentcare.com,88,88
salonplaza.com,32,32
bankofamerica.com,7089,4330
farmstores.com,40,40
orthomattress.com,62,62
rogys.com,111,111
pioneerbanking.com,23,23
gogamexchange.com,103,103
boschcarservice.com,593,593
buyforlessok.com,5,5
jimnnicks.com,41,41
dentalworks.com,153,153
cosmoprofbeauty.com,1162,1162
charterfitness.com,24,24
ruralkingsupply.com,6,6
ollies.us,330,330
burberry.com,56,56
cbsi.net,16,16
bancorpsouth.com,351,116
mandee.com,50,50
drugemporiuminc.com,10,10
royrogersrestaurants.com,50,50
savemart.com,83,83
foodpyramidonline.com,4,4
alfaromeousa.com,168,168
buckhorngrill.com,13,13
bargain-outlets.com,78,34
brownjugalaska.net,21,21
thegreatsteak.com,47,47
cubbys.com,35,35
heartlandfoodsstores.com,6,6
honest-1.com,67,67
samashmusic.com,46,46
calbanktrust.com,89,89
midfirst.com,71,71
seipdrug.com,11,11
frescoymas.com,26,26
slumberland.com,125,125
gamestop.com,3661,3661
platoscloset.com,482,482
hertz.com,3137,3137
goinpostal.com,165,165
blackstire.com,45,45
blendz.com,6,6
affordabledentalcare.com,10,10
suncoastrooferssupply.com,21,21
ugg.com,3697,59
solsticesunglasses.com,75,75
sayleoil.com,35,35
superonefoods.com,29,29
511tactical.com,54,54
bbtheatres.com,47,47
sonicdrivein.com,3618,3618
gigiscupcakesusa.com,69,69
worldoftile.net,16,16
freddysusa.com,361,361
windowworld.com,188,188
bostons.com,23,23
dicksmarket.com,2,2
camdennational.com,64,64
leesfoodmart.com,43,43
allbirds.com,5,5
aritzia.com,29,29
yogenfruz.com,52,52
pwlc.com,36,36
abraauto.com,413,413
hiexpress.com,3644,2102
brakemasters.com,78,78
starwoodhotels.com/tributeportfolio,22,21
vervecoffee.com,8,8
punchbowlsocial.com,16,16
choicehotels.com/comfort-inn,62,62
homewatchcaregivers.com,112,112
checksmart.com,52,52
originalmattress.com,111,111
netcostmarket.com,12,12
ddsdiscounts.com,242,242
billysimsbbq.com,43,43
portillos.com,63,63
cox.com,46,46
mysportsclubs.com,147,147
foodlandmkt.com,4,4
acerenttoown.com,22,22
thegardnerschool.com,20,20
irontribefitness.com,34,34
priceritesupermarkets.com,65,65
microsoftstore.com,89,89
enterprisetrucks.com,355,355
pls247.com,234,234
lazyacres.com,5,5
stretchzone.com,71,71
newburycomics.com,28,28
gymsource.com,33,33
calranch.com,25,25
coffeeculturecafe.com,1,1
kiddieacademy.com,290,290
playitagainsports.com,293,293
bobbienoonans.com,13,13
acmetools.com,10,10
havolinexpresslube.net,36,36
tristanmed.com,5,5
interlinksupply.com,59,33
maseratiusa.com,126,126
cardsmart.com,140,140
carlsjr.com/greenburrito,233,233
shopfuego.com/#atticsalt,68,28
wellsfargo.com,8271,5444
eastcoastwings.com,37,37
bomgaars.com,86,86
eighteeneight.com,53,53
stircrazy.com,5,5
vidafitness.com,6,6
rulerfoods.com,48,48
pgatoursuperstore.com,41,41
brandsmartusa.com,10,10
smithsfoodanddrug.com,5462,140
tcgrocery.com,37,37
thecounterburger.com,20,20
gmc.com,1689,1689
homegoods.com,1597,1024
precisiontune.com,252,252
leesmarketplace.com,5,5
security-finance.com/maverick-finance,924,25
citizens-bank.com,14,14
familiadental.com,42,42
lepainquotidien.com,97,97
bcbgeneration.com,108,108
kirklands.com,432,432
themaxchallenge.com,82,82
mayoclinichealthsystem.org,92,92
salvationarmyusa.org,1529,1414
kuehne-nagel.com,94,94
rickersrewards.com,59,59
medmen.com,23,23
specsonline.com,133,133
qualityinn.com,1655,1655
ladiesworkoutexpress.com,20,20
myowens.com,20,20
doublequick.com,61,61
petlifestores.com,53,53
sourceforsports.com,1,1
woodhousespas.com,65,65
sixt.com,107,107
eatnoon.com,6,6
sleepnumber.com,591,591
blastfitness.com,6,6
woodmans-food.com,17,17
noahs.com,56,56
marshallsonline.com,1202,1202
fitness19.com,119,119
rabentire.com,31,31
horseshoe.com,6,6
brixxpizza.com,30,30
comforcare.com,164,164
liberty-bank.com,58,58
gosuperpumper.com,33,33
pip.com,67,67
earthoriginsmarket.com,8,8
whataburger.com,827,827
tutortime.com,141,141
crownwineandspirits.com,12,12
fruthpharmacy.com,31,31
cohensfashionoptical.com,98,98
loansbyworld.com,1196,1196
sheetz.com,589,589
radissonred.com,2,2
hickoryfarms.com,531,531
rockinjump.com,43,43
shredit.com,129,129
freshandnaturalfoods.com,2,2
geico.com,191,191
talbots.com,544,544
cherokeecasino.com,10,10
bluewaterstores.com,18,18
agway.com,224,224
cupsfrozenyogurt.com,4,4
valentinos.com,38,38
garageclothing.com,131,131
yogurtini.com,15,15
drycleanusa.com,44,44
ae.com,1013,1013
roostersmgc.com,84,84
odfl.com,46,46
sweet-factory.com,28,28
donshula.com,21,21
amstarcinemas.com,4,4
bevmo.com,164,164
vince.com,54,54
alsbeef.com,8,8
in-n-out.com,344,344
yogasix.com,25,25
easymoneynow.com,23,23
duluthtrading.com,55,55
avis.com,1623,1623
stoptosavesupermarket.com,3,3
juniorscheesecake.com,6,6
intermountainhealthcare.org,267,267
bowlluckystrike.com,19,19
he-equipment.com,97,97
interceramicusa.com,12,12
aiowireless.com,50,50
rtacos.com,31,31
hancockwhitney.com,93,93
tacomayo.com,52,52
lifewaystores.com,131,131
americanmattress.com,57,57
berkshirebank.com,107,94
gemaire.com,92,92
landrover.com,183,183
firehousesubs.com,1190,1190
brothersxpress.com,31,31
pitapitusa.com,196,196
mhmurgentcare.com,1387,1387
t-mobile.com,5879,5294
abeandlouies.com,2,2
affordabledentures.com,268,268
dutchbros.com,327,327
tirediscounters.com,120,120
uscellular.com,690,690
finewineandgoodspirits.com,600,600
cathaybank.com,64,64
cashtyme.com,41,41
saksoff5th.com,129,129
cartridgeworld.com,254,254
rolls-roycemotorcars.com,44,44
lgstoreswv.com,122,122
speedytransmission.com,15,15
fabletics.com,31,31
liquorandwineoutlets.com,78,78
donpablos.com,1,1
redroof.com/hometowne-studios,53,53
buckstove.com,881,15
fult.com,254,244
papayaclothing.com,77,77
maverik.com,329,329
rivierafitnesscenters.com,9,9
binnys.com,40,40
rxoptical.com,54,54
dippindots.com,10311,10
bgca.org,3778,3778
tomntoms.com,8,8
kellyservices.com,531,531
gbyguess.com,283,283
mauitacos.com,9,9
silverfoxcafe.com,3,3
raisingcanes.com,421,421
ladybirdacademy.com,24,24
cellularsales.com,767,767
bobsumereltire.com,16,16
regalnails.com,801,801
bigleaguebarbers.com,46,46
foodaramatexas.com,10,10
tileforlessnw.com,4,4
ghirardelli.com,23,23
linsgrocery.com,7,7
golfgalaxy.com,95,95
colehaan.com,110,110
donatos.com,183,183
365bywholefoods.com,12,12
bowlmor.com,15,15
valleylearningcenters.com,9,9
surplus-warehouse.com,83,46
mcclureoilcorp.com,36,36
lukoilamericas.com,234,234
westlakehardware.com,129,129
brakesplus.com,80,80
froyoworld.com,10,10
tryphotels.com,9,9
chipotle.com,2460,2460
saxbyscoffee.com,27,27
lynnsdakotamart.com,10,10
fitnessconnection.com,41,41
kreationjuice.com,16,16
usaveitpharmacy.com,26,26
choctawcasinos.com,22,22
heidisbrooklyndeli.com,16,16
thaiexpress.ca,304,304
agland.coop,67,67
bbvacompass.com,1270,1270
foodprideonline.com,36,36
dsw.com,548,548
jared.com,251,251
theory.com,40,40
binsons.com,15,15
mission-bbq.com,77,77
selectospr.com,34,34
woofgangbakery.com,103,103
saladworks.com,88,88
eskimohut.com,30,30
moxies.com,65,65
pourboyoil.com,7,7
shanesribshack.com,68,68
fisherautoparts.com,350,350
reddyice.com,107,107
safelite.com,647,647
zinburger.com,17,17
foodland.com,37,37
loafnjug.com,155,155
steakescape.com,36,36
pfchangs.com,219,219
madgreens.com,33,33
bankesb.com,16,16
arteagasfoodcenter.com,8,8
mrhero.com,116,116
cheddars.com,175,175
tiresplus.com,467,467
prontoinsurance.com,321,321
merchantstire.com,258,258
iparty.com,882,882
rocklandtrust.com,72,72
terrymarket.com,10,10
fleetpride.com,419,250
chimasteakhouse.com,4,4
freshfoods.us,13,13
graeters.com,53,53
sirloinstockade.com,13,13
baileysgym.com,15,15
eriksdelicafe.com,26,26
pmpediatrics.com,42,42
enger-tire.com,328,328
usps.com,31190,31190
lubefast.com,49,49
washtrust.com,100,33
ramada.com,353,353
prosourcefloors.com,143,143
pizzapatron.com,85,85
oggis.com,15,15
carstar.com,641,641
suburbanhotels.com,58,58
acburger.com,62,62
jeffersondentalclinics.com,83,83
speedeeoil.com,157,157
gliks.com,67,67
bojangles.com,759,759
portraitinnovations.com,97,97
costuless.com,3,3
beallstx.com,793,186
kloecknermetals.com,49,49
lottoil.com,21,21
expresspros.com,744,744
tillys.com,233,233
bricktops.com,8,8
nandos.com,42,42
nationwidevision.com,118,118
gatewayacademy.com,111,8
xfinity.com,518,518
wyndhamhotels.com/microtel,306,306
viaero.com,57,57
hartz-chicken.com,62,62
gordmans.com,103,103
sullivansfoods.net,11,11
orkin.com,397,397
pulpjuiceandsmoothie.com,33,33
mountainhardwear.com,2,2
loverslane.com,32,32
pittsburghbluesteak.com,3,3
brightsideacademy.com,61,61
gowireless.com,723,723
ledopizza.com,103,103
ruralking.com,112,112
originalpancakehouse.com,132,132
mrsfields.com,156,156
newhorizonacademy.net,75,75
pizzajoes.com,41,41
fiestafreshmexicangrill.com,3,3
a1mri.com,13,13
hi-schoolpharmacy.com,178,11
pizzainn.com,155,155
fairplayfoods.com,7,7
rockymountainurgentcare.com,8,8
devonsjewelers.com,12,12
carolinaalehouse.com,29,29
adamsdrugs.net,12,12
westamerica.com,66,66
novanthealth.org,103,103
tomjames.com,85,85
grandluxcafe.com,14,14
bankfive.com,15,15
manhattanbagel.com,61,61
federalmogul.com,24,24
saturdayssalon.com,16,16
maritimeenergy.com,18,18
maccosmetics.com,973,973
barberitos.com,51,51
drgsweightloss.com,15,15
24-7stores.com,10,10
quicklane.com,894,894
wildbynature.com,5,5
westerndental.com,242,242
perfumania.com,123,123
buchefoods.com,4,4
northgatemarkets.com,40,40
tjmaxx.com,1212,1212
bounceu.com,37,37
menards.com,317,317
searsauto.com,191,191
procuts.com,2,2
drafthouse.com,50,50
thecompassschool.com,7,7
klingensmiths.com,8,8
lcbo.com,659,659
citymattress.com,23,23
lazydogrestaurants.com,33,33
mudbay.com,57,57
econolube.com,94,94
shopaplusrentals.com,20,20
townpumpconvenience.com,79,79
dwfoods.com,10,10
linex.com,888,888
johnnybruscos.com,66,66
viaviterestaurant.com,1,1
katespade.com,214,214
arcb.com,214,214
lego.com,100,100
modells.com,151,151
myrighttime.com,19,19
drivetime.com,138,138
eyecarecenter.com,38,38
shopfuego.com,68,27
crateandbarrel.com,109,109
sedanos.com,34,34
buteramarket.com,14,14
signsnow.com,86,86
bobs-steakandchop.com,15,15
physicianoneurgentcare.com,18,18
fitnessfactorygym.com,5,5
copelandsofneworleans.com,15,15
divinesauto.com,16,16
onemainfinancial.com,1581,1581
theoriginalpizzaking.com,61,61
greatwesternbank.com,175,175
provinos.com,9,9
dickssportinggoods.com,680,680
intelligentsiacoffee.com,14,14
sarkujapan.com,202,202
martinizing.com,169,169
medstarhealth.org,145,145
kmtire.com,29,29
speedway.com,2989,2989
jetro.com,12,12
medcareurgentcare.com,7,7
raymourflanigan.com,140,140
security-finance.com/zia-finance,924,5
lifepointhospitals.com,89,89
rag-bone.com,30,30
titleboxingclub.com,185,185
mysunfresh.com,9,9
beerknurd.com,16,16
800degreespizza.com,8,8
countrymax.com,17,17
runnings.com,43,43
daveandbusters.com,132,132
bekins.com,133,28
nafnafgrill.com,37,37
10fitness.com,13,13
mbusa.com,375,375
pioneersupermarkets.com,20,20
greatamericancookies.com,366,366
zoup.com,83,83
lesschwab.com,490,490
primarpetro.com,13,13
jgilberts.com,6,6
weigels.com,67,67
petsbarn.com,22,22
5starrentalpurchase.com,3,3
discountcar.com,326,326
froyoyogurt.com,7,7
fastfix.com,154,154
sixflags.com,18,18
ztejas.com,4,4
harborfreight.com,978,978
camillescafe.com,18,18
kentowery.com,36,36
haagendazsshoppecompany.com,211,211
justsportsaz.com,18,18
shaneco.com,20,20
rajbhog.com,12,12
electronicexpress.com,19,19
dionsbest.com,12,12
modpizza.com,452,452
marinemax.com,65,65
onohawaiianbbq.com,99,99
mackenzieriverpizza.com,26,26
terminix.com,371,371
southernarizonaurgentcare.com,9,9
gtpie.com,15,15
risris.com,22,22
turkeyhillstores.com,30,30
uhrrents.com,9,9
pizzafactory.com,106,106
remkes.com,6,6
biscuitscafe.com,22,22
harpsfood.com,81,81
rameysmarketplace.com,23,23
craftwarehouse.com,8,8
nhccare.com,122,122
viewhouse.com,3,3
al-eds.com,14,14
sweetgreen.com,272,272
daisoglobal.com,75,75
fastsigns.com,633,633
dontbebroke.com,48,48
countryfairstores.com,71,71
allianceurgentcare.com,6,6
dunnedwards.com,140,140
candybouquet.com,5,5
staystudio6.com,139,139
gomongo.com,23,23
casper.com,27,27
jjill.com,283,283
rogersandhollands.com,77,77
happynails.com,48,48
ardene.com,3,3
gazbah.com,9,9
pods.com,206,206
hermes.com,36,36
godiva.com,138,138
casualmale.com,328,89
lkqpickyourpart.com,73,73
hardees.com,1856,1856
billmillerbbq.com,77,77
chicosofftherack.com,126,126
mattress1.com,225,225
bushschicken.com,81,81
tealsmarket.com,11,11
homelandstores.com,30,30
comfortkeepers.com,488,488
mypopularbanking.com,49,49
volcom.com,70,70
coffeebean.com,275,275
sitnsleep.com,38,38
mhgas.com,20,20
sportsauthority.com,729,729
jalexandersholdings.com/stoneyriver,16,16
kawasaki.com,885,885
abcstores.com,75,75
eurekarestaurantgroup.com,25,25
unitedrentals.com,1105,1105
wagner-oil.com,15,15
kingkullen.com,33,33
sleepexperts.com,36,36
bakersdrivethru.com,39,39
cogos.com,43,43
barneys.com,28,28
fremontchicago.com,1,1
redhotandblue.com,14,14
elietahari.com,25,25
performancebike.com,3,3
cashmaxtexas.com,38,38
woolrich.com,5,5
ferrari.com,38,38
maclonline.com,31,31
davita.com,3471,3471
warehousemarket.com,6,6
topgolf.com,60,60
big10tires.com,121,121
huntsvillehospital.org,106,106
stayinns.com/#jameson-inn,9,9
shoprentone.com,83,83
whichwich.com,411,411
fastlane-cstore.com,40,40
accuridewheelendsolutions.com,4,4
tommybahama.com,154,154
primaryhealth.com,40,40
kw.com,1217,1217
brownsshoefitco.com,76,76
peachwaveyogurt.com,41,41
ringpower.com,33,33
edwardjones.com,13586,13586
yafokitchen.com,3,3
russellcellular.com,564,564
bigriverla.com,13,13
rockler.com,38,38
hosss.com,35,35
buc-ees.com,35,35
accuquest.net,151,151
centracare.org,40,40
rentacenter.com,2255,2255
hallmark.com,2380,2380
malco.com,1,1
sunoco.com,6491,6491
valentino.com,19,19
lubestop.com,15,15
fostersfreeze.com,71,71
lucillesbbq.com,24,24
southernstates.com,1586,167
sunrisepreschools.com,30,30
campingworld.com,162,162
feel-rite.com,5,5
doctorsonduty.com,10,10
carhartt.com,30,30
checkngo.com,861,861
huntingtonhelps.com,286,286
goodyearctsc.com,202,202
howardbank.com,19,19
shopamericanrental.com,53,53
frys.com,34,34
blockbusterexpress.com,1,1
petdepot.net,29,29
chuzefitness.com,32,32
urgentteam.com,52,26
royalfarms.com,134,134
petsuppliesplus.com,454,454
coffeecupfuelstops.com,9,9
expressoil.com,254,254
beallsflorida.com,60,60
huddlehouse.com,345,345
svsvision.com,81,81
rebeccaminkoff.com,4,4
security-finance.com/continental-loans,823,28
marlowstavern.com,23,23
nyandcompany.com,402,402
grizzlysgrill.com,8,8
stewleonards.com,7,7
petvalu.com,830,830
acornmarkets.com,17,17
marketdistrict.com,16,16
festfoods.com,31,31
fatz.com,35,35
ultimartstores.com,32,32
lelabofragrances.com,23,23
jhoil.com,2,2
2ndwindexercise.com,88,88
zoomtan.com,85,85
tandyleather.com,117,117
truereligion.com,103,103
wincofoods.com,126,126
patientfirst.com,82,82
thestorageprosonline.com,1258,1258
bubbas33.com,26,26
tiendascapri.com,15,15
gerbercollision.com,491,491
savergroup.com,51,51
metropcs.com,9234,146
tobaccooutletplusgrocery.com,21,21
superthrifty.com,16,16
patsmarketplace.com,2,2
coldwellbankerhomes.com,719,719
terribleherbst.com,20,20
jockey.com,71,71
dunnbrothers.com,76,76
attexperience.com,1284,1284
vitaminshoppe.com,769,769
goldennugget.com,5,5
krispykreme.com,354,354
campero.com,79,79
mrhandyman.com,144,144
miniusa.com,123,123
topshop.com,11,11
fastautoloansvirginiainc.com,49,49
cinepolisusa.com,21,21
theedgefitnessclubs.com,21,21
ubreakifix.com,497,497
landmarktheatres.com,49,49
paylesscar.com,108,108
cvsfamilyfoods.com,27,10
hobbylobby.com,871,871
six02.com,27,27
labellamarkets.com,2,2
lasenza.com,137,137
mendocinofarms.com,24,24
rocksugarpanasiankitchen.com,2,2
discount-drugmart.com,75,75
familyfarmandhome.com,61,61
lepeep.com,46,46
adventureisland.com,1,1
statefarm.com,19081,19081
harley-davidson.com,848,848
adeccousa.com,308,308
pappadeaux.com,40,40
bestonetire.com,63,63
daysinn.com,1491,1491
childrensworkshop.com,20,20
mtb.com,1404,1404
lavidamassage.com,51,51
maxmuscle.com,101,101
bluemercury.com,186,186
citygear.com,141,141
bouchonbistro.com,14,14
harrahs.com,6,6
o2bkids.com,14,14
rednersmarkets.com,111,111
checkcity.com,69,69
thecheesecakefactory.com,207,207
gassertruevalue.com,7,7
youthlandacademy.com,18,18
firebirdsrestaurants.com,51,51
marbleslab.com,234,234
ardensgarden.com,16,16
ultrastarmovies.com,2,2
beckertire.com,24,24
apoyo-financiero.com,29,29
mardel.com,33,33
carrierenterprise.com,210,210
mcmenamins.com,59,59
lundsandbyerlys.com,27,27
americanbodyworks.com,14,14
partyland.com,17,17
super-saver.com,10,10
mckesson.com,10,10
huhot.com,69,69
synovus.com,251,251
pigtailsandcrewcuts.com,62,62
newsomept.com,475,475
dentalservice.net,58,58
flamebroilerusa.com,196,196
autobell.com,83,83
ufcgym.com,108,108
winsupplyinc.com,552,552
bigboy.com,78,78
trufitathleticclubs.com,36,36
speedyqmarkets.com,18,18
hometownbuffet.com,94,52
safewaycommunitymarkets.com,4,4
jetspizza.com,386,386
tuffy.com,170,170
picknsave.com,3564,96
watermillexpress.com,1069,1069
bristolfarms.com,13,13
zegna.com,62,62
losaltosranchmarket.com,7,7
rapidfiredpizza.com,36,36
texaslandandcattle.com,3,3
roomstogokids.com,225,225
flooringamerica.com,348,348
nghs.com,7,7
9round.com,627,627
autonation.com,320,249
coolcuts4kids.com,38,38
mainevent.com,44,44
eatatelmers.com,29,29
floridahospital.com,273,273
bestwestern.com,2013,2013
eddiebauer.com,297,297
homewoodsuites3.hilton.com,500,500
aquaticabyseaworld.com,3,3
jaegerlumber.com,7,7
ragstock.com,38,38
superiorpoolproducts.com,76,76
interimhealthcare.com,326,326
usaa.com,5,5
advanceautoparts.com,4351,4301
kabukirestaurants.com,17,17
countrysidecoop.com,62,53
alafarm.com,61,61
zabas.com,7,7
pluckers.com,23,23
labelshopper.com,85,85
bigdoil.com,16,16
aimmailcenters.com,47,47
rubys.com,33,33
saloncentric.com,581,581
oceanstatejoblot.com,134,134
honeygrow.com,27,27
vancleefarpels.com,32,32
lawrencebros.com,5,5
chase.com,5362,5362
fiatusa.com,376,376
marcustheaters.com,68,68
superamerica.com,285,285
golfsmith.com,75,75
bankozarks.com,256,256
limefreshmexicangrill.com,11,11
bankatpeoples.com,21,21
cashamerica.com,1092,641
firstmerit.com,10,10
southernshingles.com,33,33
johnnysph.com,41,41
sterlingautobody.com,344,344
mgmwineandspirits.com,36,36
gopackagingstore.com,38,38
marketofchoice.com,12,12
tirebarn.com,30,30
aliceandolivia.com,23,23
rexelusa.com,180,180
halfpricebooks.com,125,125
medpost.com,73,73
tirefactory.com,147,147
rogansshoes.com,32,32
lukeslocker.com,2,2
destinationxl.com,328,233
ccfi.com/cash1today,32,32
expresslube.com,538,538
ncgmovies.com,24,24
amcareinc.com,10,10
afw.com,14,14
clubmetrousa.com,11,11
maggianos.com,52,52
williegs.com,2,2
dxpe.com,19,19
sesameplace.com,1,1
columbia.com,10664,123
grimaldispizzeria.com,43,43
burgatorybar.com,9,9
abercrombie.com,258,258
lamadeleine.com,86,86
gowesco.com,54,53
worldofbeer.com,65,65
englishcolor.com,56,56
elementsmassage.com,252,252
pinotspalette.com,135,135
volvocars.com,287,287
americanfreight.com,162,162
showmars.com,31,31
nypizzeria.com,35,35
baptistjax.com,4,4
hairclub.com,118,118
buona.com,25,25
clubfitness.us,23,23
sunshinefoodstores.com,15,15
pro-cuts.com,61,61
goodyear.com,17387,40
earls.ca,10,10
westfield.com,32,32
parksterlingbank.com,174,174
wachovia.com,41,41
wagamama.us,5,5
desertsuntanning.com,45,45
acecashexpress.com,982,982
culinarydropout.com,6,6
fasttrackurgentcare.com,8,8
freewayinsurance.com,77,77
bowlbrunswick.com,295,38
ccfi.com/californiabudgetfinance,301,301
simplesimonspizza.com,170,170
houseofjerky.net,38,38
atlantabread.com,29,29
primroseschools.com,427,427
hoag.org,46,46
grouchos.com,34,34
nucara.com,38,38
shopatgrants.com,16,16
pinchapenny.com,253,253
valvoline.com,1463,1463
onehanesplace.com,232,104
mfaoil.com,354,354
choicehotels.com/rodeway-inn,604,604
gameworks.com,7,7
greenbergdental.com,93,93
cremedelacreme.com,10,10
joeyrestaurants.com,4,4
cicispizza.com,133,133
wagabag.com,18,18
memorialhermann.org,273,273
fourwindscasino.com,4,4
style-encore.com,70,70
myeyelab.com,139,23
aamco.com,604,604
advancedradiology.com,30,30
calvinklein.com,189,189
californiaclosets.com,133,133
proscan.com,32,32
lunagrill.com,30,30
pizzastudio.com,23,23
tacobueno.com,146,146
seaworld.com,3,3
extremebodyshaping.com,69,69
meamedicalclinics.com,19,19
polaris.com,1073,97
deadriver.com,51,51
newks.com,128,128
comparefoodsdirect.com,22,22
hamricks.com,20,20
carterlumber.com,124,124
arcthrift.com,46,46
redhedoil.com,19,19
samsonite.com,4684,143
gomart.com,122,122
elephantbar.com,7,7
potbelly.com,481,481
kmart.com,213,213
anotherbrokenegg.com,69,69
hawthorneonlinestore.com,3,3
ewjamesandsons.com,10,10
weberjudd.com,11,11
santanderbank.com,1952,1952
cheeziespizza.com,9,9
greenleafsbananas.com,31,31
cosbar.com,19,19
fourseasons.com,35,35
mardenssurplus.com,14,14
footsolutions.com,72,72
davios.com,10,10
mccarthytire.com,49,49
groundround.com,21,21
aureliospizza.com,41,41
ccbg.com,69,69
sbarro.com,314,314
fragranceoutlet.com,111,111
phillips66.com,29,29
traderjoes.com,492,492
farmking.com,6,6
miracle-ear.com,1461,1461
lovemrswinners.com,14,14
smartcareuc.com,7,7
millerpaint.com,76,57
rosesdiscountstores.com,367,174
foodcountryusainc.com,10,10
qualityoilnc.com,142,142
heightsfinance.com,114,114
pic-n-pac.com,15,15
getitnowstores.com,44,44
puttputt.com,38,38
hcsbonline.com,727,436
jimmyjazz.com,53,53
habitburger.com,272,272
maxstudio.com,9,9
imagesun.com,8,8
security-finance.com/merit-finance,924,3
millersalehouse.com,93,93
homeruninnpizza.com,8,8
wolffurniture.com,18,18
afcurgentcare.com,214,214
54thstreetgrill.com,17,17
quillinsfoods.com,9,9
lcca.com,256,256
bosley.com,73,73
tonyromas.com,38,38
qualitydairy.com,30,30
fosteroil.com,35,35
dierbergs.com,24,24
surewaysupermarket.com,1,1
farmandfleet.com,41,41
atrias.com,6,6
baymontinns.com,521,521
bravoitalian.com,44,44
omnihotels.com,55,55
lotaburger.com,74,74
altitudetrampolinepark.com,59,59
bellacinosgrinders.com,54,54
coopershawkwinery.com,44,44
firstcitizens.com,637,545
minuteclinic.com,719,719
nothingbundtcakes.com,304,304
donutconnection.com,106,106
shoppersworldusa.com,34,34
mickeyscstores.com,17,17
mascomabank.com,28,28
fruttabowls.com,50,50
logansroadhouse.com,201,201
allinahealth.org,379,143
worldwrapps.com,2,2
creativekidslearningcenter.com,10,10
barbour.com,15,15
titlenine.com,19,19
fleetfeetsports.com,179,179
tendergreens.com,31,31
petsupermarket.com,218,218
regions.com,1659,1659
lampsplus.com,37,37
freshthyme.com,78,78
houlihans.com,62,62
brakecheck.com,43,43
hemispheres-us.com,8,8
honda.com,1061,1061
kwikstop.org,22,22
chicagocutsteakhouse.com,24,24
larosas.com,65,65
fmb.com,26,26
bobaloca.com,21,21
getgocafe.com,262,262
econrads.com,38,38
skippers.com,63,63
kidskare.net,12,12
greatexpressions.com,188,188
carx.com,158,158
finishmaster.com,204,204
jfminc.net,11,11
nbarizona.com,57,57
uberrito.com,6,6
cincinnatibell.com,149,149
countryhomelearningcenter.com,10,10
studiomoviegrill.com,32,32
aireserv.com,200,200
carquest.com,1349,1349
gadabout.com,9,9
thefloortrader.com,32,32
americangirl.com,18,18
barlouie.com,24,24
islandpacificmarket.com,15,15
eyemartexpress.com,193,193
davisoil.net,19,19
mrjims.pizza,47,47
stonewoodgrill.com,9,9
stelizabeth.com,312,312
wildflowerbread.com,16,16
harkins.com,34,34
wendys.com,6234,6234
lithia.com,188,188
panerabread.com,2165,2165
tesla.com,117,117
redlobster.ca,27,27
youfithealthclubs.com,112,112
rochebros.com,17,17
hardees.com/redburrito,1848,293
simplyss.com,137,137
pacificwesternbank.com,74,74
ccmdcenters.com,13,13
bareburger.com,34,34
wyndhamhotels.com/wyndham-grand,93,10
newportdental.com,83,11
e-arc.com,153,153
musicgoround.com,38,38
53.com,1207,1207
rapidrefill.com,2,2
abcwarehouse.com,43,43
bangor.com,62,62
eileenfisher.com,77,77
elchico.com,25,25
praxair.com,376,376
leosconeyisland.com,60,60
adventisthealthsystem.com,102,102
yogurtmountain.com,38,38
secondspin.com,4,4
autovalue.com,5180,131
bibibop.com,32,32
lassus.com,35,35
lennys.com,82,82
grottorestaurants.com,7,7
dollarcastle.com,11,11
bradleygas.com,48,48
themelt.com,7,7
spanglesinc.com,27,27
jackscarpet.com,1,1
waterway.com,23,23
starfirestores.com,21,21
giant.com,258,258
examone.com,106,106
mrtransmission.com,79,79
sportsmanswarehouse.com,93,93
tote-a-poke.com,9,9
swissfarms.com,12,12
rubytuesday.com,491,491
glassusa.com,433,433
lifetimefitness.com,151,151
stinehome.com,11,11
threedog.com,47,47
ilfornaio.com,21,21
abbys.com,36,36
mastercuts.com,239,239
lewisdrug.com,61,61
tgifridays.com,422,422
bhphotovideo.com,1,1
judeconnally.com,2,2
childrenscourtyard.com,58,58
marcos.com,927,927
simon.com,209,209
tuttifruttiglobal.com,180,180
heritagecooperative.com,66,66
cornerbakerycafe.com,178,178
einsteinbros.com,700,700
martinsfoods.com,27,27
batteriesplus.com,742,742
olympiasports.net,157,157
gulfoil.com,1618,1618
myfoodcity.com,46,46
txfb-ins.com,287,287
cat.com,522,522
thelearningexperience.com,241,241
freshmarketstores.com,13,13
quarlesfleetfueling.com,112,112
stansdonutschicago.com,10,10
ikea.com,65,65
uncleedsoil.com,29,29
wgrfurniture.com,12,12
house.hyatt.com,91,91
umpquabank.com,255,255
usautoforce.com,23,23
habitat.org,2136,1481
rodiziogrill.com,22,22
pivotphysicaltherapy.com,266,266
rocknjoe.com,7,7
chucklesstores.com,30,30
tahoejoes.com,8,8
whiteoakstation.com,67,67
eataly.com,6,6
pizzamyheart.com,25,25
orangetheoryfitness.com,1157,1157
guitarcenter.com,291,291
buffalowingsandrings.com,57,57
novacare.com,1625,531
gucci.com,59,59
silverdiner.com,16,16
clevelandclinic.org,269,269
foodtownshopper.com,31,31
titlemax.biz,1435,1435
thecolumbiabank.com,241,29
alliedbuilding.com,215,215
phillypretzelfactory.com,165,165
navyfederal.org,25147,186
carltonhairinternational.com,9,9
moosejaw.com,11,11
cowboychicken.com,25,25
frenchconnection.com,4,4
kellyexpressmart.com,15,15
gandermountain.com,70,65
freemanhealth.com,157,157
bigapplebagels.com,59,59
starwoodhotels.com/fourpoints,130,130
mymdnow.com,47,42
lakeshorelearning.com,51,51
needs.ca,142,142
buick.com,1974,1974
raleys.com,131,4
fcer.com,32,32
swiha.edu,1,1
gtsinteriorsupply.com,22,22
baylorhealth.com,783,783
silverminesubs.com,16,16
ingles-markets.com,189,189
baptist-health.com,210,202
eescodist.com,17,17
lakeafterhours.com,12,12
scnbnc.com,39,39
tqtire.com,57,57
frescas.com,5,5
amestools.com,8,8
ryder.com,580,580
leppinksfoodcenters.com,9,9
dreamdinners.com,75,75
petesfresh.com,14,14
sandri.com,14,14
ponchosrestaurant.com,4,4
americinn.com,318,318
timberland.com,68,68
rallys.com,280,280
rent1st.com,10,10
planetsub.com,35,35
chickenshack.com,21,21
ezstop.net,23,23
hartfordmedicalgroup.com,166,166
foreveryogurt.com,20,20
palsweb.com,30,30
marketbasketfoods.com,35,35
ghbass.com,106,106
legoland.com,3,3
eberjey.com,5,5
bertuccis.com,57,57
workworld.com,22,22
altaconvenience.com,109,109
williamschicken.com,37,37
fitworks.com,10,10
tcbk.com,188,188
herefordhouse.com,4,4
aurorahealthcare.org,600,600
lowesfoods.com,71,71
sterlingoptical.com,60,60
frysfood.com,5470,121
fmbnc.com,21,21
communitybankna.com,221,221
carpetone.com,796,796
unleashedbypetco.com,1484,69
justsalad.com,35,35
kingsfishhouse.com,11,11
security-finance.com,924,766
worldpac.com,122,122
ezellschicken.com,13,13
billabong.com,45,45
albertsons.com,742,742
toryburch.com,104,104
fit4mom.com,2017,2017
tirekingdom.com,64,64
bhbt.com,50,50
vitaminworld.com,143,143
valuhomecenters.com,42,42
banknewport.com,19,19
oceanstateurgentcare.com,11,11
vivachicken.com,13,13
bajafresh.com,129,129
charlotterusse.com,358,358
BOBEVANS.COM,480,480
cort.com,125,125
tapsfishhouse.com,4,4
anthropologie.com,215,215
acmestores.com,16,16
jewelryexchange.com,14,14
westernbeef.com,28,28
abcsupply.com,567,567
rentawheel.com,135,135
familyexpress.com,74,74
adamshometownmarkets.com,15,15
shiekhshoes.com,55,55
familycentersuperstores.com,3,3
izzos.com,16,16
malvernschool.com,26,26
firsttennessee.com,326,326
brightnow.com,341,182
wildwingcafe.com,44,44
prairielandfs.com,35,35
thehumanbean.com,87,87
hearusa.com,255,255
drugemp.com,3,3
dixieline.com,10,10
johnstonesupply.com,422,422
anylabtestnow.com,178,178
thepirch.com,4,4
globalselfstorage.us,11,11
athleta.gap.com,164,164
yoglimogli.com,12,12
doctorscare.com,55,55
cardenasmarkets.com,33,33
landsend.com,67,67
storquest.com,143,143
floydsbarbershop.com,118,118
genesishcc.com,410,410
goodoilcompany.com,16,16
alsformalwear.com,48,48
westfieldbank.com,22,22
lecreuset.com,260,92
hm.com,615,615
davesmarketplace.com,10,10
nsbank.com,50,50
siteone.com,438,438
anthonyspizzaandpasta.com,23,23
budget.com,1606,1606
fidelity.com,198,198
bargainhunt.com,90,90
checksmartstores.com,472,166
eyemart.com,8,8
autotire.com,26,26
porsche.com,191,191
bose.eu,90,90
trugreen.com,257,257
justtires.com,281,55
rplumber.com,69,69
lwsupply.com,171,171
mrpickles.com,48,48
lafiestamarkets.com,7,7
chelseagroton.com,15,15
tempurpedic.com,500,500
speedzone.com,2,2
foodsco.net,3559,21
gattispizza.com,76,76
mandarinoriental.com,6,6
americantiredepot.com,103,103
smokeybones.com,63,63
boloco.com,9,9
dchauto.com,35,35
sprinkles.com,24,24
boscovs.com,49,49
lucilleroberts.com,16,16
henribendel.com,23,23
leboulanger.com,11,11
holtzmancorp.com,92,2
mitsubishicars.com,362,362
afbasket.com,17,17
rbfcu.org,81,81
vino100.com,6,6
zgallerie.com,68,68
partsplus.com,76,76
stokesmarket.com,6,6
unitedcheckcashing.com,81,81
rnrwheels.com,127,127
sunandski.com,30,30
lyfekitchen.com,3,3
andpizza.com,35,35
bennigans.com,13,13
hbtbank.com,72,72
urbanoutfitters.com,195,195
roofcenter.com,19,19
food-world-stores.com,4,4
stopaminit.com,23,23
bagnbaggage.com,24,24
shopqualityfoods.com,8,8
bonworth.com,52,52
pizzaranch.com,213,213
jerrysusa.com,27,27
luckysupermarkets.com,70,70
moneymart.ca,548,548
primohoagies.com,83,83
caesars.com,40,3
mypricechopper.com,56,56
freedomoil.com,33,33
aramarkuniform.com,86,86
sutherlands.com,48,48
myeyedr.com,435,435
macaronigrill.com,88,88
vonmaur.com,30,30
maxor.com,15,15
tacocasatexas.com,86,86
stantonoptical.com,131,87
games-workshop.com,1505,74
libertymutual.com,199,199
shoprite.com,317,317
selectphysicaltherapy.com,676,676
completeemergencycare.com,14,14
audiusa.com,303,303
elfamousburrito.com,12,12
tagheuer.com,712,15
lonestarsteakhouse.com,4,4
rosewoodhotels.com,9,9
trihealth.com,473,473
1stcb.com,327,327
getinshapeforwomen.com,43,43
sylvanlearning.com,626,626
usa.lupicia.com,6,6
bullritos.com,18,18
buehlers.com,13,13
victra.com,1036,1036
realodrugs.com,6,6
truefoodkitchen.com,38,38
dynooil.com,12,12
gatorsdockside.com,29,29
pompstire.com,97,97
krystal.com,344,344
timex.com,22,22
vanderbilts.com,9,9
atd-us.com,120,120
stonefiregrill.com,13,13
michaelsjewelers.com,10,10
tokyojoes.com,50,50
fixauto.com,522,522
jalexandersholdings.com/redlandsgrill,46,46
pictureshowent.com,12,12
americanhomefitness.com,7,7
cadillacdealer.com,239,239
wyndhamhotels.com/trademark,31,31
quikstop.com,101,101
pakmail.com,205,205
thingsremembered.com,175,175
burgerstreet.com,19,19
argonautliquor.com,1,1
spherion.com,142,142
dollar.com,181,181
jeilearning.com,88,88
hometownurgentcare.com,10,10
dansfoods.com,3,3
giantfoodstores.com,148,148
wingstogo.com,34,34
ysl.com,33,33
theram.com,19,19
thehummusfactory.com,4,4
agrisupply.com,8,8
workoutanytime.com,166,166
crowntrophy.com,137,137
williams-sonoma.com,220,220
knightdrugs.com,9,9
bayclubs.com,26,26
houseofblues.com,11,11
donovanssteakhouse.com,2,2
eatwalnut.com,7,7
lifestorage.com,791,791
justsavefoods.com,6,6
sprouts.com,331,331
hotdogonastick.com,61,61
lubys.com,79,79
containerstore.com,92,92
piratesdinneradventure.com,2,2
mastertile.net,7,7
theparkingspot.com,31,31
shopassociated.com,38,38
lasalsa.com,14,14
waxcenter.com,725,725
ntb.com,471,471
nahoku.com,37,37
shoneys.com,125,125
goldstarchili.com,79,79
healthtrax.com,16,16
smartstartinc.com,1503,187
cookiesbydesign.com,55,55
radisson.com,74,74
corepoweryoga.com,207,207
grainger.com,251,251
firedpie.com,20,20
getngo.com,19,19
pridestores.com,32,32
originalbuscemis.com,45,45
mazda.com,567,567
bankoncb.com,17,17
noco.com,39,39
macsfreshmarket.com,18,18
covenanthealthcare.com,23,23
gohugos.com,10,10
baptisthealthkentucky.com,8,8
desertfinancial.com,51,51
fridleytheaters.com,20,20
radissonblu.com,3,3
baptisthealth.net,110,110
petclubstores.com,12,12
planetfitness.com,1874,1874
simplymac.com,46,46
ediblearrangements.com,1120,1120
kwikstop1.com,10,10
montgomeryinn.com,2,2
atlanticarepg.com,163,163
nutritionzoneusa.com,22,22
jacksonhewitt.com,5706,5706
bedzzzexpress.com,50,50
gebos.com,21,21
jeep.com,2410,2410
ubs.com,292,292
steakout.com,9,9
pappas.com,15,15
thejoint.com,491,491
hilton.com,274,274
fmcna.com,2612,2612
byrnedairy.com,58,58
italianpie.com,7,7
smartstyle.com,2042,2042
cbsbank.com,50,50
round1usa.com,32,32
hatclub.com,17,17
hollywoodfeed.com,96,96
kingsoopers.com,5462,133
bedmartmattresssuperstores.com,27,27
nordstrom.com,368,122
coldstonecreamery.com,968,968
countymarket.com,95,95
myfoodrite.com,11,11
tropicalsmoothie.com,798,798
peanutgallerychildcare.com,4,4
shakeshack.com,147,147
castrolpremiumlube.com,133,133
lunardis.com,8,8
illegalpetes.com,11,11
fuddruckers.com,150,150
restaurantdepot.com,130,130
zoeskitchen.com,264,264
mimiscafe.com,80,80
quiklendcash.com,7,7
stockadecompanies.com,14,14
roomstogo.com,224,139
dakotawatch.com,73,73
acmemarkets.com,3822,275
thefryecompany.com,16,16
carrabbas.com,224,224
fieldandstreamshop.com,35,35
callaffordable.com,13,13
mynycb.com,264,22
att.com,5521,5521
baers.com,16,16
woodspring.com,266,266
budgethost.com,107,107
aaa.com,1235,1235
iflyworld.com,37,37
berryblendz.com,11,11
scrubsandbeyond.com,120,120
reamsfoods.com,10,10
ecmdi.com,48,48
uspoloassn.com,68,68
advancedbldg.com,8,8
kenjomarkets.com,39,39
wmsfoods.com,10,10
penn-station.com,309,309
westernunion.com,6889,6664
frischs.com,120,120
calibercollision.com,756,756
wetzels.com,355,355
payomatic.com,143,143
quickweightlosscenter.com,43,43
schewels.com,50,50
kidcarepediatrics.com,3,3
concordrx.com,9,9
jaycfoods.com,17,17
fattuesday.com,64,64
arthurmurray.com,235,235
gcrtires.com,151,151
juiceitup.com,81,81
extendedstayamerica.com,630,630
food4less.com,5805,108
ststire.com,559,559
dunntire.com,28,28
publix.com,2352,2352
capfed.com,49,49
kingsdiscount.com,26,26
flyingbiscuit.com,23,23
bankofthewest.com,538,538
beltone.com,1263,1263
txlowcost.com,74,74
homechoicestores.com,17,17
juanpollo.com,25,25
lumberliquidators.com,414,414
koiautoparts.com,54,54
bufordoil.com,11,11
toppers.com,54,54
dkny.com,34,34
twinpeaksrestaurant.com,86,86
amf.com,294,154
thebetterhealthstore.com,14,14
getcosi.com,54,54
regissalons.com,454,454
saintalphonsus.org,209,209
northerntool.com,108,108
froots.com,12,12
centerstatebank.com,129,129
naturalbody.com,9,9
leeoilcompany.com,1,1
lornajane.com,33,33
foodnfun.com,16,16
exhalespa.com,19,19
countrykitchenrestaurants.com,31,31
cobblestone.com,24,24
partycity.com,901,901
bankunited.com,84,84
solidcore.co,38,38
texasmedclinic.com,19,19
massageluxe.com,68,68
oxfordlearning.com,30,30
thepaperstore.com,73,73
atipt.com,816,816
hobbytown.com,124,124
legalseafoods.com,35,35
wyndhamhotels.com/wyndham,93,27
webergrillrestaurant.com,5,5
gfb.org,157,157
benihana.com,78,78
melrosestore.com,100,100
buildabear.com,351,351
expresswaystores.com,16,16
myidealdental.com,69,69
russmarket.com,9,9
dylanscandybar.com,25,25
ccfi.com/99payday,119,119
capecodfive.com,32,32
leemyles.com,29,29
ironmountain.com,228,228
grkfresh.com,5,5
phs.org,9,9
haggar.com,79,79
shinola.com,928,30
ifa-coop.com,23,23
ssm-select.com,74,74
juicegeneration.com,19,19
coffeebeanery.com,43,43
local.safeway.com/pak-n-save/ca.html,3,3
powells.com,5,5
shoedept.com,1107,726
eatgarbanzo.com,28,28
mylapels.com,79,79
eatsa.com,2,2
superiorgrocers.com,45,45
westgateresorts.com,25,25
patelbros.com,57,57
myfavoritemuffin.com,17,17
quiznos.ca,184,184
gillyhicks.com,397,397
autopartintl.com,185,185
debeers.com,4,4
fleetcare.info,360,360
cbac.com,200,200
woodforest.com,756,756
splendid.com,24,24
flywheelsports.com,66,66
thrifty.com,164,164
littlesprouts.com,28,28
foxandhound.com,26,26
factory-connection.com,303,303
retrofitness.com,147,147
firstam.com,526,526
walk-ons.com,28,28
philsbbq.net,4,4
emurgentcare.com,11,11
instyprints.com,26,26
mistercarwash.com,302,302
strackandvantil.com,20,20
drygoodsusa.com,51,51
thenorthface.com,6833,141
mccoys.com,88,88
whitecastle.com,370,370
fitnessheadquarters.com,4,4
ultratantoday.com,83,83
cobbtheatres.com,29,29
goodearthnaturalfoods.com,5,5
imospizza.com,98,98
leesandwiches.com,62,62
carrsqc.com,1652,11
exoticcars.enterprise.com,77,77
hollisterco.com,410,410
kwikshop.com,114,114
johnnysmarkets.com,65,65
citybbq.com,45,45
vans.com,9422,471
penskeautomotive.com,174,5
chiefmarkets.com,12,12
ralphlaurenhome.com,200,200
deltasoniccarwash.com,29,29
ginospizza.com,39,39
cricketwireless.com,4925,4925
clubmonaco.borderfree.com,71,71
fitwize4kids.com,3,3
prevea.com,105,105
pieology.com,133,133
friendshipfoodstores.com,27,27
ffc.com,11,11
maxemhealthurgentcare.com,11,11
themarketexpress.com,15,15
abt.com,1,1
everettclinic.com,31,31
newdixieoil.com,29,29
quakersteakandlube.com,42,42
marriott.com,380,
starwoodhotels.com/stregis,9,
courtyard.marriott.com,1027,
starwoodhotels.com/whotels,27,
marriott.com/fairfield-inn,998,
starwoodhotels.com/fourpoints,131,
ritzcarlton.com,40,
starwoodhotels.com/element,42,
starwoodhotels.com/alofthotels,121,
marriott.com/residence-inn,812,
springhillsuites.com,461,
marriott.com/jw-marriott,31,
starwoodhotels.com/luxury,20,
starwoodhotels.com/lemeridien,19,
marriott.com/renaissance-hotel,85,
towneplacesuites.marriott.com,411,
starwoodhotels.com/tributeportfolio,22,
starwoodhotels.com/westin,124,
starwoodhotels.com/sheraton,182,
starwoodhotels.com/design,8,
marriottvacationclub.com,53,
marriott.com/gaylord-hotels/travel.mi,6,
editionhotels.com,4,
deltahotels.marriott.com,38,
autograph-hotels.marriott.com,110,
achotels.marriott.com,63,
moxy-hotels.marriott.com,19,
audi.com,321,
davannis.com,21,
wyndhamhotels.com/americinn,205,
wyndhamhotels.com/baymont,520,
wyndhamhotels.com/days-inn,1452,
hawthorn.com,104,
wyndhamhotels.com/hojo,182,
wyndhamhotels.com/laquinta,913,
wyndhamhotels.com/microtel,305,
ramada.com,332,
wyndhamhotels.com/en-ca/super-8,1577,
wyndhamhotels.com/trademark,30,
wyndhamhotels.com/en-ca/travelodge,349,
wyndhamhotels.com/tryp,9,
wyndhamhotels.com/wingate,160,
wyndhamhotels.com/wyndham,35,
wyndhamhotels.com/wyndham-garden,70,
wyndhamhotels.com/wyndham-grand,11,
chanellospizza.com,31,
brixxpizza.com,30,
grottorestaurants.com,7,
countrysidecoop.com,17,
strawhatpizza.com,23,
homegoods.com,782,
beautybrands.com,23,
finishline.com,897,
cardenasmarkets.com,32,
trufitathleticclubs.com,31,
petstuff.com,61,
apricotlaneboutique.com,70,
destinationmaternity.com,62,
safeway.com,894,
tods.com,14,
moncler.com,29,
brunellocucinelli.com,44,
balenciaga.com,16,
nordstromrack.com,244,
bestbuy.com,1045,
californiaclosets.com,127,
dogtopia.com,96,
asianfoodmarkets.com,5,
jmclaughlin.com,143,
badaxethrowing.com,29,
jordandrug.com,6,
mountaineermart.com,17,
sendiksmarket.com,17,
kroger.com,1309,
fredmeyer.com,134,
dillons.com,64,
kingsoopers.com,119,
frysfood.com,123,
foodsco.net,22,
metromarket.net,11,
marianos.com,45,
gerbes.com,8,
jaycfoods.com,23,
citymarket.com,36,
bakersplus.com,11,
ralphs.com,191,
qfc.com,62,
owensmarket.com,3,
pay-less.com,9,
smithsfoodanddrug.com,144,
homegoods.com,799,
moxy-hotels.marriott.com,19,
peartreeinn.com,13,
druryhotels.com,126,
selectphysicaltherapy.com,678,
doodlebugs.com,16,
rajbhog.com,13,
primantibros.com,39,
communitymarkets.com,19,
juicestopcafe.com,4,
picknsave.com,94,
footlocker.com,896,
schewels.com,50,
perkinsrestaurants.com,332,
ucbi.com,142,
microsoftstore.com,72,
pavilions.com,26,
larsensrestaurants.com,6,
ulta.com,1225,
scheels.com,26,
slaters5050.com,11,
1hotels.com,4,
joejuice.com,63,
erewhonmarket.com,5,
ticknors.com,11,
earthwisepet.com,63,
rockytopstores.com,29,
1stopstores.net,5,
myapplemarket.com,11,
